-- MySQL dump 10.13  Distrib 5.7.17, for Win64 (x86_64)
--
-- Host: 192.168.31.31    Database: meatball
-- ------------------------------------------------------
-- Server version	5.7.17-log

/*!40101 SET @OLD_CHARACTER_SET_CLIENT=@@CHARACTER_SET_CLIENT */;
/*!40101 SET @OLD_CHARACTER_SET_RESULTS=@@CHARACTER_SET_RESULTS */;
/*!40101 SET @OLD_COLLATION_CONNECTION=@@COLLATION_CONNECTION */;
/*!40101 SET NAMES utf8 */;
/*!40103 SET @OLD_TIME_ZONE=@@TIME_ZONE */;
/*!40103 SET TIME_ZONE='+00:00' */;
/*!40014 SET @OLD_UNIQUE_CHECKS=@@UNIQUE_CHECKS, UNIQUE_CHECKS=0 */;
/*!40014 SET @OLD_FOREIGN_KEY_CHECKS=@@FOREIGN_KEY_CHECKS, FOREIGN_KEY_CHECKS=0 */;
/*!40101 SET @OLD_SQL_MODE=@@SQL_MODE, SQL_MODE='NO_AUTO_VALUE_ON_ZERO' */;
/*!40111 SET @OLD_SQL_NOTES=@@SQL_NOTES, SQL_NOTES=0 */;

--
-- Table structure for table `hr_dept`
--

DROP TABLE IF EXISTS `hr_dept`;
/*!40101 SET @saved_cs_client     = @@character_set_client */;
/*!40101 SET character_set_client = utf8 */;
CREATE TABLE `hr_dept` (
  `id` bigint(20) NOT NULL AUTO_INCREMENT,
  `pid` bigint(20) DEFAULT '0' COMMENT '上级部门',
  `name` varchar(45) COLLATE utf8mb4_unicode_ci DEFAULT NULL COMMENT '部门名称',
  `code` varchar(45) COLLATE utf8mb4_unicode_ci DEFAULT NULL COMMENT '部门编号',
  `remark` varchar(200) COLLATE utf8mb4_unicode_ci DEFAULT NULL COMMENT '描述',
  `institution` text COLLATE utf8mb4_unicode_ci COMMENT '制度',
  `setup_time` date DEFAULT NULL COMMENT '建立时间',
  `principal` varchar(20) COLLATE utf8mb4_unicode_ci DEFAULT NULL COMMENT '负责人',
  `create_time` datetime DEFAULT NULL,
  `update_time` datetime DEFAULT NULL,
  PRIMARY KEY (`id`)
) ENGINE=InnoDB AUTO_INCREMENT=15 DEFAULT CHARSET=utf8mb4 COLLATE=utf8mb4_unicode_ci;
/*!40101 SET character_set_client = @saved_cs_client */;

--
-- Dumping data for table `hr_dept`
--

LOCK TABLES `hr_dept` WRITE;
/*!40000 ALTER TABLE `hr_dept` DISABLE KEYS */;
INSERT INTO `hr_dept` VALUES (13,0,'软件部','sn2222','我','我','2018-01-22','张吉','2018-01-22 10:10:27',NULL),(14,0,'11','11','','','2018-01-22','张吉1','2018-01-22 10:18:14',NULL);
/*!40000 ALTER TABLE `hr_dept` ENABLE KEYS */;
UNLOCK TABLES;

--
-- Table structure for table `hr_user`
--

DROP TABLE IF EXISTS `hr_user`;
/*!40101 SET @saved_cs_client     = @@character_set_client */;
/*!40101 SET character_set_client = utf8 */;
CREATE TABLE `hr_user` (
  `id` bigint(20) NOT NULL AUTO_INCREMENT,
  `name` varchar(20) COLLATE utf8mb4_unicode_ci DEFAULT NULL COMMENT '姓名',
  `sex` int(11) DEFAULT NULL COMMENT '性别：1 男；2 女',
  `age` int(2) DEFAULT NULL COMMENT '年龄',
  `birthday` varchar(10) COLLATE utf8mb4_unicode_ci DEFAULT NULL COMMENT '生日',
  `avatar` varchar(200) COLLATE utf8mb4_unicode_ci DEFAULT NULL COMMENT '头像',
  `native_place` varchar(10) COLLATE utf8mb4_unicode_ci DEFAULT NULL COMMENT '籍贯',
  `nation` varchar(10) COLLATE utf8mb4_unicode_ci DEFAULT NULL COMMENT '民族',
  `politics_status` varchar(10) COLLATE utf8mb4_unicode_ci DEFAULT NULL COMMENT '政治面貌',
  `marital_status` int(2) DEFAULT NULL COMMENT '婚姻情况：0 未婚；1 已婚',
  `healthy_condition` varchar(50) COLLATE utf8mb4_unicode_ci DEFAULT NULL COMMENT '健康情况',
  `id_card` varchar(18) COLLATE utf8mb4_unicode_ci DEFAULT NULL COMMENT '身份证号码',
  `census_address` varchar(50) COLLATE utf8mb4_unicode_ci DEFAULT NULL COMMENT '户口所在地',
  `now_address` varchar(50) COLLATE utf8mb4_unicode_ci DEFAULT NULL COMMENT '现居住地址',
  `phone` varchar(15) COLLATE utf8mb4_unicode_ci DEFAULT NULL COMMENT '联系电话',
  `qq` int(11) DEFAULT NULL COMMENT 'QQ',
  `email` varchar(50) COLLATE utf8mb4_unicode_ci DEFAULT NULL COMMENT 'Email',
  `emergency_contact` varchar(10) COLLATE utf8mb4_unicode_ci DEFAULT NULL COMMENT '紧急联系人',
  `emergency_phone` int(11) DEFAULT NULL COMMENT '紧急联系电话',
  `family_member` varchar(100) COLLATE utf8mb4_unicode_ci DEFAULT NULL COMMENT '家庭成员',
  `organizations_face` varchar(20) COLLATE utf8mb4_unicode_ci DEFAULT NULL COMMENT '组织面貌',
  `work_condition` varchar(20) COLLATE utf8mb4_unicode_ci DEFAULT NULL COMMENT '工作状况',
  `high_credentials` varchar(10) COLLATE utf8mb4_unicode_ci DEFAULT NULL COMMENT '最高学历',
  `education` varchar(20) COLLATE utf8mb4_unicode_ci DEFAULT NULL COMMENT '学历专业',
  `working_years` int(2) DEFAULT NULL COMMENT '参加工作年限',
  `graduate_institutions` varchar(50) COLLATE utf8mb4_unicode_ci DEFAULT NULL COMMENT '毕业院校',
  `uni_courses` varchar(50) COLLATE utf8mb4_unicode_ci DEFAULT NULL COMMENT '院校专业',
  `education_background` varchar(10) COLLATE utf8mb4_unicode_ci DEFAULT NULL COMMENT '学历',
  `degree_code` varchar(20) COLLATE utf8mb4_unicode_ci DEFAULT NULL COMMENT '学历代码',
  `dimission_prove` varchar(200) COLLATE utf8mb4_unicode_ci DEFAULT NULL COMMENT '离职证明',
  `dept_id` bigint(20) DEFAULT NULL COMMENT '所属部门',
  `create_time` datetime DEFAULT NULL,
  `update_time` datetime DEFAULT NULL,
  PRIMARY KEY (`id`)
) ENGINE=InnoDB AUTO_INCREMENT=8 DEFAULT CHARSET=utf8mb4 COLLATE=utf8mb4_unicode_ci COMMENT='人力资源-用户表';
/*!40101 SET character_set_client = @saved_cs_client */;

--
-- Dumping data for table `hr_user`
--

LOCK TABLES `hr_user` WRITE;
/*!40000 ALTER TABLE `hr_user` DISABLE KEYS */;
INSERT INTO `hr_user` VALUES (6,'张吉',1,11,'2018-01-22',NULL,NULL,NULL,NULL,NULL,NULL,NULL,NULL,NULL,'13222222222',NULL,NULL,NULL,NULL,NULL,NULL,NULL,NULL,NULL,NULL,NULL,NULL,NULL,NULL,NULL,NULL,'2018-01-22 10:08:43',NULL),(7,'江伟',1,11,'2018-01-22',NULL,NULL,NULL,NULL,NULL,NULL,NULL,NULL,NULL,'13222222222',NULL,NULL,NULL,NULL,NULL,NULL,NULL,NULL,NULL,NULL,NULL,NULL,NULL,NULL,NULL,NULL,'2018-01-22 10:09:37',NULL);
/*!40000 ALTER TABLE `hr_user` ENABLE KEYS */;
UNLOCK TABLES;

--
-- Table structure for table `procurement_order`
--

DROP TABLE IF EXISTS `procurement_order`;
/*!40101 SET @saved_cs_client     = @@character_set_client */;
/*!40101 SET character_set_client = utf8 */;
CREATE TABLE `procurement_order` (
  `id` bigint(20) NOT NULL AUTO_INCREMENT,
  `name` varchar(45) COLLATE utf8mb4_unicode_ci DEFAULT NULL COMMENT '订单名称',
  `num` varchar(20) COLLATE utf8mb4_unicode_ci DEFAULT NULL COMMENT '订单编号',
  `create_date` date DEFAULT NULL COMMENT '生成时间',
  `status` int(2) DEFAULT NULL COMMENT '状态：1 部分付款；2 已付款；0 已签合同未付款',
  `linkman` varchar(30) COLLATE utf8mb4_unicode_ci DEFAULT NULL COMMENT '供应联系人',
  `linkphone` varchar(15) COLLATE utf8mb4_unicode_ci DEFAULT NULL COMMENT '联系电话',
  `total` double DEFAULT NULL COMMENT '采购总额',
  `cost_sum` double DEFAULT NULL COMMENT '费用总计',
  `create_time` datetime DEFAULT NULL,
  `update_time` datetime DEFAULT NULL,
  PRIMARY KEY (`id`)
) ENGINE=InnoDB AUTO_INCREMENT=8 DEFAULT CHARSET=utf8mb4 COLLATE=utf8mb4_unicode_ci COMMENT='采购管理';
/*!40101 SET character_set_client = @saved_cs_client */;

--
-- Dumping data for table `procurement_order`
--

LOCK TABLES `procurement_order` WRITE;
/*!40000 ALTER TABLE `procurement_order` DISABLE KEYS */;
INSERT INTO `procurement_order` VALUES (3,'A项目设备采购','00231354','2018-01-19',0,'老李','13555555555',200000,NULL,'2018-01-21 19:58:15',NULL),(5,'123','123','2018-01-21',0,'123','123',123,NULL,'2018-01-21 20:02:40',NULL),(6,'123','123','2018-01-21',0,'123','123',123,NULL,'2018-01-21 20:02:40',NULL),(7,'123123','111','2018-01-22',0,'123','12312',123,NULL,'2018-01-22 11:08:15',NULL);
/*!40000 ALTER TABLE `procurement_order` ENABLE KEYS */;
UNLOCK TABLES;

--
-- Table structure for table `procurement_order_des`
--

DROP TABLE IF EXISTS `procurement_order_des`;
/*!40101 SET @saved_cs_client     = @@character_set_client */;
/*!40101 SET character_set_client = utf8 */;
CREATE TABLE `procurement_order_des` (
  `id` bigint(20) NOT NULL AUTO_INCREMENT,
  `name` varchar(45) COLLATE utf8mb4_unicode_ci DEFAULT NULL COMMENT '名称',
  `trademark` varchar(45) COLLATE utf8mb4_unicode_ci DEFAULT NULL COMMENT '品牌',
  `model` varchar(20) COLLATE utf8mb4_unicode_ci DEFAULT NULL COMMENT '型号',
  `specification` varchar(45) COLLATE utf8mb4_unicode_ci DEFAULT NULL COMMENT '规格',
  `num` int(11) DEFAULT NULL COMMENT '数量',
  `unit` varchar(10) COLLATE utf8mb4_unicode_ci DEFAULT NULL COMMENT '单位',
  `price` double DEFAULT NULL COMMENT '单价',
  `subtotal` double DEFAULT NULL COMMENT '小计',
  `remark` varchar(100) COLLATE utf8mb4_unicode_ci DEFAULT NULL COMMENT '备注',
  `order_id` bigint(20) DEFAULT NULL COMMENT '订单ID',
  `create_time` datetime DEFAULT NULL,
  `update_time` datetime DEFAULT NULL,
  PRIMARY KEY (`id`)
) ENGINE=InnoDB AUTO_INCREMENT=39 DEFAULT CHARSET=utf8mb4 COLLATE=utf8mb4_unicode_ci COMMENT='采购明细';
/*!40101 SET character_set_client = @saved_cs_client */;

--
-- Dumping data for table `procurement_order_des`
--

LOCK TABLES `procurement_order_des` WRITE;
/*!40000 ALTER TABLE `procurement_order_des` DISABLE KEYS */;
INSERT INTO `procurement_order_des` VALUES (16,'服务器','联想','LS-02','A',2,'台',60000,120000,'',3,'2018-01-21 19:58:16',NULL),(18,'123','123','123','12',2323,'23',1,1,'11',5,'2018-01-21 20:02:40',NULL),(19,'123','123','123','12',2323,'23',1,1,'11',6,'2018-01-21 20:02:40',NULL),(30,'掌机','','','',NULL,'',NULL,NULL,'',7,'2018-01-22 11:09:50',NULL),(31,'123123213','','','',NULL,'',NULL,NULL,'',7,'2018-01-22 11:09:50',NULL),(32,'12313123','','','',NULL,'',NULL,NULL,'',7,'2018-01-22 11:09:50',NULL),(33,'123123','','','',NULL,'',NULL,NULL,'',7,'2018-01-22 11:09:50',NULL),(34,'123','','','',NULL,'',NULL,NULL,'',7,'2018-01-22 11:09:50',NULL),(35,'1231','','','',NULL,'',NULL,NULL,'',7,'2018-01-22 11:09:50',NULL),(36,'123','','','',NULL,'',NULL,NULL,'',7,'2018-01-22 11:09:50',NULL),(37,'123','','','',NULL,'',NULL,NULL,'',7,'2018-01-22 11:09:50',NULL),(38,'123','','','',NULL,'',NULL,NULL,'',7,'2018-01-22 11:09:51',NULL);
/*!40000 ALTER TABLE `procurement_order_des` ENABLE KEYS */;
UNLOCK TABLES;

--
-- Table structure for table `sys_log`
--

DROP TABLE IF EXISTS `sys_log`;
/*!40101 SET @saved_cs_client     = @@character_set_client */;
/*!40101 SET character_set_client = utf8 */;
CREATE TABLE `sys_log` (
  `id` int(11) NOT NULL AUTO_INCREMENT,
  `description` varchar(50) DEFAULT NULL COMMENT '操作描述',
  `method` varchar(200) DEFAULT NULL COMMENT '方法',
  `params` varchar(500) DEFAULT NULL COMMENT '参数',
  `type` int(11) DEFAULT NULL COMMENT '类型',
  `request_ip` varchar(45) DEFAULT NULL COMMENT '请求IP',
  `exception_code` varchar(45) DEFAULT NULL COMMENT '异常码',
  `exception_detail` varchar(200) DEFAULT NULL COMMENT '异常描述',
  `operate_user` varchar(45) DEFAULT NULL,
  `operate_date` datetime DEFAULT NULL,
  PRIMARY KEY (`id`)
) ENGINE=InnoDB AUTO_INCREMENT=591 DEFAULT CHARSET=utf8 COMMENT='系统日志';
/*!40101 SET character_set_client = @saved_cs_client */;

--
-- Dumping data for table `sys_log`
--

LOCK TABLES `sys_log` WRITE;
/*!40000 ALTER TABLE `sys_log` DISABLE KEYS */;
INSERT INTO `sys_log` VALUES (341,'用户登陆','com.meatball.login.controller.LoginController.validate()','{\"account\":\"admin\",\"password\":\"123\",\"rememberMe\":false,\"resetPwd\":false,\"statusType\":false};',0,'127.0.0.1',NULL,NULL,'admin','2018-01-21 19:32:03'),(342,'用户登陆','com.meatball.login.controller.LoginController.validate()','{\"account\":\"admin\",\"password\":\"123\",\"rememberMe\":false,\"resetPwd\":false,\"statusType\":false};',0,'127.0.0.1',NULL,NULL,'admin','2018-01-21 19:37:21'),(343,'用户登陆','com.meatball.login.controller.LoginController.validate()','{\"account\":\"admin\",\"password\":\"123\",\"rememberMe\":false,\"resetPwd\":false,\"statusType\":false};',0,'223.87.204.152',NULL,NULL,'admin','2018-01-21 19:37:55'),(344,'数据库监控','com.meatball.system.database.controller.DatabaseMonitoring.index()','',0,'223.87.204.152',NULL,NULL,'admin','2018-01-21 19:39:52'),(345,'用户登陆','com.meatball.login.controller.LoginController.validate()','{\"account\":\"admin\",\"password\":\"123\",\"rememberMe\":false,\"resetPwd\":false,\"statusType\":false};',0,'127.0.0.1',NULL,NULL,'admin','2018-01-21 19:57:37'),(346,'数据库监控','com.meatball.system.database.controller.DatabaseMonitoring.index()','',0,'127.0.0.1',NULL,NULL,'admin','2018-01-21 19:58:36'),(347,'用户登陆','com.meatball.login.controller.LoginController.validate()','{\"account\":\"admin\",\"password\":\"123\",\"rememberMe\":false,\"resetPwd\":false,\"statusType\":false};',0,'118.116.89.204',NULL,NULL,'admin','2018-01-21 19:58:08'),(348,'用户登陆','com.meatball.login.controller.LoginController.validate()','{\"account\":\"admin\",\"password\":\"123\",\"rememberMe\":false,\"resetPwd\":false,\"statusType\":false};',0,'127.0.0.1',NULL,NULL,'admin','2018-01-21 20:35:49'),(349,'数据库监控','com.meatball.system.database.controller.DatabaseMonitoring.index()','',0,'127.0.0.1',NULL,NULL,'admin','2018-01-21 21:29:05'),(350,'用户登陆','com.meatball.login.controller.LoginController.validate()','{\"account\":\"admin\",\"password\":\"123\",\"rememberMe\":false,\"resetPwd\":false,\"statusType\":false};',0,'127.0.0.1',NULL,NULL,'admin','2018-01-22 09:38:59'),(351,'用户登陆','com.meatball.login.controller.LoginController.validate()','{\"account\":\"admin\",\"password\":\"123\",\"rememberMe\":false,\"resetPwd\":false,\"statusType\":false};',0,'127.0.0.1',NULL,NULL,'admin','2018-01-22 10:17:48'),(352,'用户登陆','com.meatball.login.controller.LoginController.validate()','{\"account\":\"admin\",\"password\":\"123\",\"rememberMe\":false,\"resetPwd\":false,\"statusType\":false};',0,'127.0.0.1',NULL,NULL,'admin','2018-01-22 10:22:03'),(353,'用户登陆','com.meatball.login.controller.LoginController.validate()','{\"account\":\"admin\",\"password\":\"123\",\"rememberMe\":false,\"resetPwd\":false,\"statusType\":false};',0,'127.0.0.1',NULL,NULL,'admin','2018-01-22 10:22:18'),(354,'用户登陆','com.meatball.login.controller.LoginController.validate()','{\"account\":\"admin\",\"password\":\"123\",\"rememberMe\":false,\"resetPwd\":false,\"statusType\":false};',0,'118.112.122.81',NULL,NULL,'admin','2018-01-22 10:22:19'),(355,'用户登陆','com.meatball.login.controller.LoginController.validate()','{\"account\":\"admin\",\"password\":\"123\",\"rememberMe\":false,\"resetPwd\":false,\"statusType\":false};',0,'182.139.30.235',NULL,NULL,'admin','2018-01-22 10:43:20'),(356,'用户登陆','com.meatball.login.controller.LoginController.validate()','{\"account\":\"admin\",\"password\":\"123\",\"rememberMe\":false,\"resetPwd\":false,\"statusType\":false};',0,'127.0.0.1',NULL,NULL,'admin','2018-01-22 10:55:10'),(357,'用户登陆','com.meatball.login.controller.LoginController.validate()','{\"account\":\"admin\",\"password\":\"123\",\"rememberMe\":false,\"resetPwd\":false,\"statusType\":false};',0,'127.0.0.1',NULL,NULL,'admin','2018-01-23 11:34:45'),(358,'用户登陆','com.meatball.login.controller.LoginController.validate()','{\"account\":\"admin\",\"password\":\"123\",\"rememberMe\":false,\"resetPwd\":false,\"statusType\":false};',0,'127.0.0.1',NULL,NULL,'admin','2018-01-23 12:55:22'),(359,'用户登陆','com.meatball.login.controller.LoginController.validate()','{\"account\":\"admin\",\"password\":\"123\",\"rememberMe\":false,\"resetPwd\":false,\"statusType\":false};',0,'127.0.0.1',NULL,NULL,'admin','2018-01-23 13:51:52'),(360,'数据库监控','com.meatball.system.database.controller.DatabaseMonitoring.index()','',0,'127.0.0.1',NULL,NULL,'admin','2018-01-23 13:52:59'),(361,'用户登陆','com.meatball.login.controller.LoginController.validate()','{\"account\":\"admin\",\"password\":\"123\",\"rememberMe\":false,\"resetPwd\":false,\"statusType\":false};',0,'0:0:0:0:0:0:0:1',NULL,NULL,'admin','2018-01-23 14:44:33'),(362,'数据库监控','com.meatball.system.database.controller.DatabaseMonitoring.index()','',0,'0:0:0:0:0:0:0:1',NULL,NULL,'admin','2018-01-23 14:44:59'),(363,'数据库监控','com.meatball.system.database.controller.DatabaseMonitoring.index()','',0,'0:0:0:0:0:0:0:1',NULL,NULL,'admin','2018-01-23 14:45:38'),(364,'数据库监控','com.meatball.system.database.controller.DatabaseMonitoring.index()','',0,'0:0:0:0:0:0:0:1',NULL,NULL,'admin','2018-01-23 14:46:02'),(365,'数据库监控','com.meatball.system.database.controller.DatabaseMonitoring.index()','',0,'0:0:0:0:0:0:0:1',NULL,NULL,'admin','2018-01-23 14:46:28'),(366,'更新菜单','com.meatball.system.menu.controller.MenuController.updata()','{\"href\":\"/hr/user/index\",\"icon\":\"\",\"id\":97,\"name\":\"员工管理\",\"open\":true,\"orderNum\":2,\"perms\":\"hr:user:index\",\"pid\":65,\"type\":1};',0,'0:0:0:0:0:0:0:1',NULL,NULL,'admin','2018-01-23 14:47:18'),(367,'更新菜单','com.meatball.system.menu.controller.MenuController.updata()','{\"href\":\"/hr/user/index\",\"icon\":\"\",\"id\":97,\"name\":\"员工管理\",\"open\":true,\"orderNum\":2,\"perms\":\"hr:user:index\",\"pid\":65,\"type\":1};',0,'0:0:0:0:0:0:0:1',NULL,NULL,'admin','2018-01-23 14:47:24'),(368,'数据库监控','com.meatball.system.database.controller.DatabaseMonitoring.index()','',0,'0:0:0:0:0:0:0:1',NULL,NULL,'admin','2018-01-23 14:51:47'),(369,'数据库监控','com.meatball.system.database.controller.DatabaseMonitoring.index()','',0,'127.0.0.1',NULL,NULL,'admin','2018-01-23 14:57:05'),(370,'用户登陆','com.meatball.login.controller.LoginController.validate()','{\"account\":\"admin\",\"password\":\"123\",\"rememberMe\":false,\"resetPwd\":false,\"statusType\":false};',0,'182.139.30.235',NULL,NULL,'admin','2018-01-23 14:48:53'),(371,'数据库监控','com.meatball.system.database.controller.DatabaseMonitoring.index()','',0,'0:0:0:0:0:0:0:1',NULL,NULL,'admin','2018-01-23 14:57:48'),(372,'数据库监控','com.meatball.system.database.controller.DatabaseMonitoring.index()','',0,'0:0:0:0:0:0:0:1',NULL,NULL,'admin','2018-01-23 14:57:49'),(373,'用户登陆','com.meatball.login.controller.LoginController.validate()','{\"account\":\"admin\",\"password\":\"123\",\"rememberMe\":false,\"resetPwd\":false,\"statusType\":false};',0,'127.0.0.1',NULL,NULL,'admin','2018-01-23 16:23:42'),(374,'用户登陆','com.meatball.login.controller.LoginController.validate()','{\"account\":\"admin\",\"password\":\"123\",\"rememberMe\":false,\"resetPwd\":false,\"statusType\":false};',0,'127.0.0.1',NULL,NULL,'admin','2018-01-23 16:28:06'),(375,'数据库监控','com.meatball.system.database.controller.DatabaseMonitoring.index()','',0,'127.0.0.1',NULL,NULL,'admin','2018-01-23 16:41:24'),(376,'用户登陆','com.meatball.login.controller.LoginController.validate()','{\"account\":\"admin\",\"password\":\"123\",\"rememberMe\":false,\"resetPwd\":false,\"statusType\":false};',0,'127.0.0.1',NULL,NULL,'admin','2018-01-23 18:54:41'),(377,'用户登陆','com.meatball.login.controller.LoginController.validate()','{\"account\":\"admin\",\"password\":\"123\",\"rememberMe\":false,\"resetPwd\":false,\"statusType\":false};',0,'127.0.0.1',NULL,NULL,'admin','2018-01-23 20:44:14'),(378,'用户登陆','com.meatball.login.controller.LoginController.validate()','{\"account\":\"admin\",\"password\":\"123\",\"rememberMe\":false,\"resetPwd\":false,\"statusType\":false};',0,'127.0.0.1',NULL,NULL,'admin','2018-01-23 21:00:13'),(379,'用户登陆','com.meatball.login.controller.LoginController.validate()','{\"account\":\"admin\",\"password\":\"123\",\"rememberMe\":false,\"resetPwd\":false,\"statusType\":false};',0,'127.0.0.1',NULL,NULL,'admin','2018-01-24 11:21:34'),(380,'用户登陆','com.meatball.login.controller.LoginController.validate()','{\"account\":\"admin\",\"password\":\"123\",\"rememberMe\":false,\"resetPwd\":false,\"statusType\":false};',0,'127.0.0.1',NULL,NULL,'admin','2018-01-24 12:52:39'),(381,'用户登陆','com.meatball.login.controller.LoginController.validate()','{\"account\":\"admin\",\"password\":\"123\",\"rememberMe\":false,\"resetPwd\":false,\"statusType\":false};',0,'127.0.0.1',NULL,NULL,'admin','2018-01-24 18:58:28'),(382,'用户登陆','com.meatball.login.controller.LoginController.validate()','{\"account\":\"admin\",\"password\":\"123\",\"rememberMe\":false,\"resetPwd\":false,\"statusType\":false};',0,'127.0.0.1',NULL,NULL,'admin','2018-01-24 20:38:28'),(383,'用户登陆','com.meatball.login.controller.LoginController.validate()','{\"account\":\"admin\",\"password\":\"123\",\"rememberMe\":false,\"resetPwd\":false,\"statusType\":false};',0,'127.0.0.1',NULL,NULL,'admin','2018-01-24 21:18:14'),(384,'用户登陆','com.meatball.login.controller.LoginController.validate()','{\"account\":\"admin\",\"password\":\"123\",\"rememberMe\":false,\"resetPwd\":false,\"statusType\":false};',0,'127.0.0.1',NULL,NULL,'admin','2018-01-25 10:13:09'),(385,'用户登陆','com.meatball.login.controller.LoginController.validate()','{\"account\":\"admin\",\"password\":\"123\",\"rememberMe\":false,\"resetPwd\":false,\"statusType\":false};',0,'127.0.0.1',NULL,NULL,'admin','2018-01-25 14:17:14'),(386,'新增菜单','com.meatball.system.menu.controller.MenuController.add()','{\"hierarchy\":1,\"href\":\"123\",\"icon\":\"\",\"name\":\"123\",\"orderNum\":123,\"perms\":\"11\",\"pid\":0,\"spread\":false,\"type\":1,\"typeVo\":\"菜单\"};',0,'127.0.0.1',NULL,NULL,'admin','2018-01-25 14:45:43'),(387,'新增菜单','com.meatball.system.menu.controller.MenuController.add()','{\"hierarchy\":1,\"href\":\"123\",\"icon\":\"\",\"name\":\"111\",\"orderNum\":2,\"perms\":\"1\",\"pid\":0,\"spread\":false,\"type\":1,\"typeVo\":\"菜单\"};',0,'127.0.0.1',NULL,NULL,'admin','2018-01-25 14:47:46'),(388,'新增菜单','com.meatball.system.menu.controller.MenuController.add()','{\"hierarchy\":1,\"href\":\"123\",\"icon\":\"\",\"id\":101,\"name\":\"13213\",\"orderNum\":1,\"perms\":\"111\",\"pid\":0,\"spread\":false,\"type\":1,\"typeVo\":\"菜单\"};',0,'127.0.0.1',NULL,NULL,'admin','2018-01-25 14:58:02'),(389,'新增菜单','com.meatball.system.menu.controller.MenuController.add()','{\"hierarchy\":1,\"href\":\"11\",\"icon\":\"\",\"id\":101,\"name\":\"22\",\"orderNum\":1,\"perms\":\"11\",\"pid\":0,\"spread\":false,\"type\":1,\"typeVo\":\"菜单\"};',0,'127.0.0.1',NULL,NULL,'admin','2018-01-25 15:05:55'),(390,'新增菜单','com.meatball.system.menu.controller.MenuController.add()','{\"hierarchy\":1,\"href\":\"22\",\"icon\":\"\",\"id\":101,\"name\":\"22\",\"orderNum\":1,\"perms\":\"22\",\"pid\":0,\"spread\":false,\"type\":1,\"typeVo\":\"菜单\"};',0,'127.0.0.1',NULL,NULL,'admin','2018-01-25 15:07:17'),(391,'新增菜单','com.meatball.system.menu.controller.MenuController.add()','{\"hierarchy\":0,\"href\":\"1\",\"icon\":\"\",\"id\":103,\"name\":\"222\",\"orderNum\":2,\"perms\":\"1\",\"pid\":101,\"spread\":false,\"type\":1,\"typeVo\":\"菜单\"};',0,'127.0.0.1',NULL,NULL,'admin','2018-01-25 15:07:38'),(392,'新增菜单','com.meatball.system.menu.controller.MenuController.add()','{\"hierarchy\":1,\"href\":\"222\",\"icon\":\"\",\"id\":103,\"name\":\"222\",\"orderNum\":1,\"perms\":\"222\",\"pid\":101,\"spread\":false,\"type\":1,\"typeVo\":\"菜单\"};',0,'127.0.0.1',NULL,NULL,'admin','2018-01-25 15:09:36'),(393,'新增菜单','com.meatball.system.menu.controller.MenuController.add()','{\"href\":\"22\",\"icon\":\"\",\"id\":103,\"name\":\"222222\",\"orderNum\":1,\"perms\":\"22\",\"spread\":false};',0,'127.0.0.1',NULL,NULL,'admin','2018-01-25 15:33:46'),(394,'新增菜单','com.meatball.system.menu.controller.MenuController.add()','{\"href\":\"22\",\"icon\":\"\",\"id\":103,\"name\":\"222222\",\"orderNum\":1,\"perms\":\"22\",\"spread\":false};',0,'127.0.0.1',NULL,NULL,'admin','2018-01-25 15:34:46'),(395,'新增菜单','com.meatball.system.menu.controller.MenuController.add()','{\"href\":\"22\",\"icon\":\"\",\"id\":103,\"name\":\"222222\",\"orderNum\":1,\"perms\":\"22\",\"spread\":false};',0,'127.0.0.1',NULL,NULL,'admin','2018-01-25 15:35:08'),(396,'新增菜单','com.meatball.system.menu.controller.MenuController.add()','{\"href\":\"/system/index/\",\"icon\":\"iconfont icon-guanlikehu iconsize\",\"id\":63,\"name\":\"系统管理\",\"orderNum\":99,\"perms\":\"system\",\"spread\":false};',0,'127.0.0.1',NULL,NULL,'admin','2018-01-25 15:35:55'),(397,'更新菜单','com.meatball.system.menu.controller.MenuController.updata()','{\"href\":\"22\",\"icon\":\"\",\"id\":103,\"name\":\"2222\",\"orderNum\":1,\"perms\":\"22\",\"spread\":false};',0,'127.0.0.1',NULL,NULL,'admin','2018-01-25 15:37:06'),(398,'更新菜单','com.meatball.system.menu.controller.MenuController.updata()','{\"href\":\"222\",\"icon\":\"\",\"id\":103,\"name\":\"2222\",\"orderNum\":1,\"perms\":\"22\",\"spread\":false};',0,'127.0.0.1',NULL,NULL,'admin','2018-01-25 15:38:59'),(399,'数据库监控','com.meatball.system.database.controller.DatabaseMonitoring.index()','',0,'127.0.0.1',NULL,NULL,'admin','2018-01-25 15:42:22'),(400,'新增菜单','com.meatball.system.menu.controller.MenuController.add()','{\"hierarchy\":1,\"href\":\"22\",\"icon\":\"\",\"id\":101,\"name\":\"22\",\"orderNum\":1,\"perms\":\"22\",\"pid\":0,\"spread\":false,\"type\":1,\"typeVo\":\"菜单\"};',0,'127.0.0.1',NULL,NULL,'admin','2018-01-25 15:43:02'),(401,'用户登陆','com.meatball.login.controller.LoginController.validate()','{\"account\":\"admin\",\"password\":\"123\",\"rememberMe\":false,\"resetPwd\":false,\"statusType\":false};',0,'127.0.0.1',NULL,NULL,'admin','2018-01-25 15:54:46'),(402,'更新菜单','com.meatball.system.menu.controller.MenuController.updata()','{\"id\":63,\"spread\":true};',0,'127.0.0.1',NULL,NULL,'admin','2018-01-25 16:26:22'),(403,'更新菜单','com.meatball.system.menu.controller.MenuController.updata()','{\"id\":63,\"spread\":true};',0,'127.0.0.1',NULL,NULL,'admin','2018-01-25 16:28:50'),(404,'更新菜单','com.meatball.system.menu.controller.MenuController.updata()','{\"id\":63,\"spread\":false};',0,'127.0.0.1',NULL,NULL,'admin','2018-01-25 16:29:00'),(405,'更新菜单','com.meatball.system.menu.controller.MenuController.updata()','{\"id\":63,\"spread\":true};',0,'127.0.0.1',NULL,NULL,'admin','2018-01-25 16:30:07'),(406,'更新菜单','com.meatball.system.menu.controller.MenuController.updata()','{\"id\":63,\"spread\":false};',0,'127.0.0.1',NULL,NULL,'admin','2018-01-25 16:30:09'),(407,'更新菜单','com.meatball.system.menu.controller.MenuController.updata()','{\"id\":63,\"spread\":true};',0,'127.0.0.1',NULL,NULL,'admin','2018-01-25 16:31:37'),(408,'更新菜单','com.meatball.system.menu.controller.MenuController.updata()','{\"id\":63,\"spread\":false};',0,'127.0.0.1',NULL,NULL,'admin','2018-01-25 16:31:39'),(409,'更新菜单','com.meatball.system.menu.controller.MenuController.updata()','{\"id\":63,\"spread\":true};',0,'127.0.0.1',NULL,NULL,'admin','2018-01-25 16:31:40'),(410,'更新菜单','com.meatball.system.menu.controller.MenuController.updata()','{\"id\":63,\"spread\":false};',0,'127.0.0.1',NULL,NULL,'admin','2018-01-25 16:31:41'),(411,'更新菜单','com.meatball.system.menu.controller.MenuController.updata()','{\"id\":63,\"spread\":true};',0,'127.0.0.1',NULL,NULL,'admin','2018-01-25 16:31:43'),(412,'更新菜单','com.meatball.system.menu.controller.MenuController.updata()','{\"id\":63,\"spread\":false};',0,'127.0.0.1',NULL,NULL,'admin','2018-01-25 16:31:45'),(413,'新增菜单','com.meatball.system.menu.controller.MenuController.add()','{\"hierarchy\":0,\"href\":\"11\",\"icon\":\"\",\"id\":65,\"name\":\"111\",\"orderNum\":4,\"perms\":\"111\",\"pid\":0,\"spread\":false,\"type\":1,\"typeVo\":\"菜单\"};',0,'127.0.0.1',NULL,NULL,'admin','2018-01-25 16:32:06'),(414,'新增菜单','com.meatball.system.menu.controller.MenuController.add()','{\"hierarchy\":1,\"href\":\"22\",\"icon\":\"\",\"id\":107,\"name\":\"22\",\"orderNum\":1,\"perms\":\"22\",\"pid\":0,\"spread\":false,\"type\":1,\"typeVo\":\"菜单\"};',0,'127.0.0.1',NULL,NULL,'admin','2018-01-25 16:32:35'),(415,'更新菜单','com.meatball.system.menu.controller.MenuController.updata()','{\"id\":107,\"spread\":true};',0,'127.0.0.1',NULL,NULL,'admin','2018-01-25 16:32:40'),(416,'更新菜单','com.meatball.system.menu.controller.MenuController.updata()','{\"id\":107,\"spread\":false};',0,'127.0.0.1',NULL,NULL,'admin','2018-01-25 16:32:42'),(417,'数据库监控','com.meatball.system.database.controller.DatabaseMonitoring.index()','',0,'127.0.0.1',NULL,NULL,'admin','2018-01-25 16:37:39'),(418,'用户登陆','com.meatball.login.controller.LoginController.validate()','{\"account\":\"admin\",\"password\":\"123\",\"rememberMe\":false,\"resetPwd\":false,\"statusType\":false};',0,'127.0.0.1',NULL,NULL,'admin','2018-01-25 18:47:00'),(419,'用户登陆','com.meatball.login.controller.LoginController.validate()','{\"account\":\"admin\",\"password\":\"123\",\"rememberMe\":false,\"resetPwd\":false,\"statusType\":false};',0,'127.0.0.1',NULL,NULL,'admin','2018-01-25 19:58:40'),(420,'用户登陆','com.meatball.login.controller.LoginController.validate()','{\"account\":\"admin\",\"password\":\"123\",\"rememberMe\":false,\"resetPwd\":false,\"statusType\":false};',0,'127.0.0.1',NULL,NULL,'admin','2018-01-26 11:40:05'),(421,'用户登陆','com.meatball.login.controller.LoginController.validate()','{\"account\":\"admin\",\"password\":\"123\",\"rememberMe\":false,\"resetPwd\":false,\"statusType\":false};',0,'127.0.0.1',NULL,NULL,'admin','2018-01-26 11:44:07'),(422,'用户登陆','com.meatball.login.controller.LoginController.validate()','{\"account\":\"admin\",\"password\":\"123\",\"rememberMe\":false,\"resetPwd\":false,\"statusType\":false};',0,'127.0.0.1',NULL,NULL,'admin','2018-01-26 11:44:32'),(423,'用户登陆','com.meatball.login.controller.LoginController.validate()','{\"account\":\"admin\",\"password\":\"123\",\"rememberMe\":false,\"resetPwd\":false,\"statusType\":false};',0,'127.0.0.1',NULL,NULL,'admin','2018-01-26 11:49:46'),(424,'用户登陆','com.meatball.login.controller.LoginController.validate()','{\"account\":\"admin\",\"password\":\"123\",\"rememberMe\":false,\"resetPwd\":false,\"statusType\":false};',0,'127.0.0.1',NULL,NULL,'admin','2018-01-26 14:05:48'),(425,'用户登陆','com.meatball.login.controller.LoginController.validate()','{\"account\":\"admin\",\"password\":\"123\",\"rememberMe\":false,\"resetPwd\":false,\"statusType\":false};',0,'127.0.0.1',NULL,NULL,'admin','2018-01-26 14:05:56'),(426,'用户登陆','com.meatball.login.controller.LoginController.validate()','{\"account\":\"admin\",\"password\":\"123\",\"rememberMe\":false,\"resetPwd\":false,\"statusType\":false};',0,'127.0.0.1',NULL,NULL,'admin','2018-01-26 14:06:01'),(427,'用户登陆','com.meatball.login.controller.LoginController.validate()','{\"account\":\"admin\",\"password\":\"123\",\"rememberMe\":false,\"resetPwd\":false,\"statusType\":false};',0,'127.0.0.1',NULL,NULL,'admin','2018-01-26 14:06:51'),(428,'用户登陆','com.meatball.login.controller.LoginController.validate()','{\"account\":\"admin\",\"password\":\"123\",\"rememberMe\":false,\"resetPwd\":false,\"statusType\":false};',0,'127.0.0.1',NULL,NULL,'admin','2018-01-26 14:06:57'),(429,'用户登陆','com.meatball.login.controller.LoginController.validate()','{\"account\":\"admin\",\"password\":\"123\",\"rememberMe\":false,\"resetPwd\":false,\"statusType\":false};',0,'127.0.0.1',NULL,NULL,'admin','2018-01-26 14:10:57'),(430,'用户登陆','com.meatball.login.controller.LoginController.validate()','{\"account\":\"admin\",\"password\":\"123\",\"rememberMe\":false,\"resetPwd\":false,\"statusType\":false};',0,'127.0.0.1',NULL,NULL,'admin','2018-01-26 14:11:13'),(431,'用户登陆','com.meatball.login.controller.LoginController.validate()','{\"account\":\"admin\",\"password\":\"123\",\"rememberMe\":false,\"resetPwd\":false,\"statusType\":false};',0,'127.0.0.1',NULL,NULL,'admin','2018-01-26 14:11:39'),(432,'用户登陆','com.meatball.login.controller.LoginController.validate()','{\"account\":\"admin\",\"password\":\"123\",\"rememberMe\":false,\"resetPwd\":false,\"statusType\":false};',0,'127.0.0.1',NULL,NULL,'admin','2018-01-26 14:12:26'),(433,'用户登陆','com.meatball.login.controller.LoginController.validate()','{\"account\":\"admin\",\"password\":\"123\",\"rememberMe\":false,\"resetPwd\":false,\"statusType\":false};',0,'127.0.0.1',NULL,NULL,'admin','2018-01-26 14:14:10'),(434,'用户登陆','com.meatball.login.controller.LoginController.validate()','{\"account\":\"admin\",\"password\":\"123\",\"rememberMe\":false,\"resetPwd\":false,\"statusType\":false};',0,'127.0.0.1',NULL,NULL,'admin','2018-01-26 14:14:21'),(435,'用户登陆','com.meatball.login.controller.LoginController.validate()','{\"account\":\"admin\",\"password\":\"123\",\"rememberMe\":false,\"resetPwd\":false,\"statusType\":false};',0,'127.0.0.1',NULL,NULL,'admin','2018-01-26 14:14:49'),(436,'用户登陆','com.meatball.login.controller.LoginController.validate()','{\"account\":\"admin\",\"password\":\"123\",\"rememberMe\":false,\"resetPwd\":false,\"statusType\":false};',0,'127.0.0.1',NULL,NULL,'admin','2018-01-26 14:15:12'),(437,'用户登陆','com.meatball.login.controller.LoginController.validate()','{\"account\":\"admin\",\"password\":\"123\",\"rememberMe\":false,\"resetPwd\":false,\"statusType\":false};',0,'127.0.0.1',NULL,NULL,'admin','2018-01-26 14:15:27'),(438,'用户登陆','com.meatball.login.controller.LoginController.validate()','{\"account\":\"admin\",\"password\":\"123\",\"rememberMe\":false,\"resetPwd\":false,\"statusType\":false};',0,'127.0.0.1',NULL,NULL,'admin','2018-01-26 14:18:16'),(439,'用户登陆','com.meatball.login.controller.LoginController.validate()','{\"account\":\"admin\",\"password\":\"123\",\"rememberMe\":false,\"resetPwd\":false,\"statusType\":false};',0,'127.0.0.1',NULL,NULL,'admin','2018-01-26 14:59:32'),(440,'用户登陆','com.meatball.login.controller.LoginController.validate()','{\"account\":\"admin\",\"password\":\"123\",\"rememberMe\":false,\"resetPwd\":false,\"statusType\":false};',0,'127.0.0.1',NULL,NULL,'admin','2018-01-26 15:01:44'),(441,'更新菜单','com.meatball.system.menu.controller.MenuController.updata()','{\"href\":\"/system/index/\",\"icon\":\"&#xe614;\",\"id\":63,\"name\":\"系统管理\",\"orderNum\":99,\"perms\":\"system\",\"spread\":false};',0,'127.0.0.1',NULL,NULL,'admin','2018-01-26 15:06:40'),(442,'用户登陆','com.meatball.login.controller.LoginController.validate()','{\"account\":\"admin\",\"password\":\"123\",\"rememberMe\":false,\"resetPwd\":false,\"statusType\":false};',0,'127.0.0.1',NULL,NULL,'admin','2018-01-26 15:06:54'),(443,'更新菜单','com.meatball.system.menu.controller.MenuController.updata()','{\"href\":\"/hr/index/\",\"icon\":\"&#xe613;\",\"id\":65,\"name\":\"人力资源管理\",\"orderNum\":1,\"perms\":\"hr:index\",\"spread\":false};',0,'127.0.0.1',NULL,NULL,'admin','2018-01-26 15:14:03'),(444,'用户登陆','com.meatball.login.controller.LoginController.validate()','{\"account\":\"admin\",\"password\":\"123\",\"rememberMe\":false,\"resetPwd\":false,\"statusType\":false};',0,'127.0.0.1',NULL,NULL,'admin','2018-01-26 15:14:07'),(445,'更新菜单','com.meatball.system.menu.controller.MenuController.updata()','{\"id\":65,\"spread\":true};',0,'127.0.0.1',NULL,NULL,'admin','2018-01-26 15:14:53'),(446,'更新菜单','com.meatball.system.menu.controller.MenuController.updata()','{\"href\":\"/system/user/index\",\"icon\":\"&#xe612;\",\"id\":68,\"name\":\"用户管理\",\"orderNum\":1,\"perms\":\"system:user\",\"spread\":false};',0,'127.0.0.1',NULL,NULL,'admin','2018-01-26 15:15:08'),(447,'用户登陆','com.meatball.login.controller.LoginController.validate()','{\"account\":\"admin\",\"password\":\"123\",\"rememberMe\":false,\"resetPwd\":false,\"statusType\":false};',0,'127.0.0.1',NULL,NULL,'admin','2018-01-26 15:15:13'),(448,'更新菜单','com.meatball.system.menu.controller.MenuController.updata()','{\"href\":\"/hr/dept/index\",\"icon\":\"&#xe629;\",\"id\":96,\"name\":\"部门管理\",\"orderNum\":1,\"perms\":\"hr:dept:index\",\"spread\":false};',0,'127.0.0.1',NULL,NULL,'admin','2018-01-26 15:17:42'),(449,'用户登陆','com.meatball.login.controller.LoginController.validate()','{\"account\":\"admin\",\"password\":\"123\",\"rememberMe\":false,\"resetPwd\":false,\"statusType\":false};',0,'127.0.0.1',NULL,NULL,'admin','2018-01-26 15:17:54'),(450,'更新菜单','com.meatball.system.menu.controller.MenuController.updata()','{\"href\":\"/procurement/index/\",\"icon\":\"\",\"id\":95,\"name\":\"采购管理\",\"orderNum\":2,\"perms\":\"procurement:index\",\"spread\":false};',0,'127.0.0.1',NULL,NULL,'admin','2018-01-26 15:21:03'),(451,'更新菜单','com.meatball.system.menu.controller.MenuController.updata()','{\"href\":\"123\",\"icon\":\"\",\"id\":90,\"name\":\"办公室管理\",\"orderNum\":3,\"perms\":\"111\",\"spread\":false};',0,'127.0.0.1',NULL,NULL,'admin','2018-01-26 15:21:10'),(452,'用户登陆','com.meatball.login.controller.LoginController.validate()','{\"account\":\"admin\",\"password\":\"123\",\"rememberMe\":false,\"resetPwd\":false,\"statusType\":false};',0,'127.0.0.1',NULL,NULL,'admin','2018-01-26 15:21:18'),(453,'更新菜单','com.meatball.system.menu.controller.MenuController.updata()','{\"href\":\"/system/menu/index\",\"icon\":\"&#xe63c;\",\"id\":64,\"name\":\"菜单管理\",\"orderNum\":3,\"perms\":\"system:menu\",\"spread\":false};',0,'127.0.0.1',NULL,NULL,'admin','2018-01-26 16:07:55'),(454,'用户登陆','com.meatball.login.controller.LoginController.validate()','{\"account\":\"admin\",\"password\":\"123\",\"rememberMe\":false,\"resetPwd\":false,\"statusType\":false};',0,'127.0.0.1',NULL,NULL,'admin','2018-01-26 16:08:04'),(455,'更新菜单','com.meatball.system.menu.controller.MenuController.updata()','{\"href\":\"/hr/index/\",\"icon\":\"icon iconfont icon-caidan\",\"id\":65,\"name\":\"人力资源管理\",\"orderNum\":1,\"perms\":\"hr:index\",\"spread\":false};',0,'127.0.0.1',NULL,NULL,'admin','2018-01-26 16:31:23'),(456,'用户登陆','com.meatball.login.controller.LoginController.validate()','{\"account\":\"admin\",\"password\":\"123\",\"rememberMe\":false,\"resetPwd\":false,\"statusType\":false};',0,'127.0.0.1',NULL,NULL,'admin','2018-01-26 16:31:32'),(457,'更新菜单','com.meatball.system.menu.controller.MenuController.updata()','{\"href\":\"/hr/index/\",\"icon\":\"&#xe63c;\",\"id\":65,\"name\":\"人力资源管理\",\"orderNum\":1,\"perms\":\"hr:index\",\"spread\":false};',0,'127.0.0.1',NULL,NULL,'admin','2018-01-26 16:35:40'),(458,'用户登陆','com.meatball.login.controller.LoginController.validate()','{\"account\":\"admin\",\"password\":\"123\",\"rememberMe\":false,\"resetPwd\":false,\"statusType\":false};',0,'127.0.0.1',NULL,NULL,'admin','2018-01-26 16:35:47'),(459,'更新菜单','com.meatball.system.menu.controller.MenuController.updata()','{\"href\":\"/system/menu/index\",\"icon\":\"&#xe63c;\",\"id\":64,\"name\":\"菜单管理\",\"orderNum\":3,\"perms\":\"system:menu\",\"spread\":false};',0,'127.0.0.1',NULL,NULL,'admin','2018-01-26 16:36:32'),(460,'更新菜单','com.meatball.system.menu.controller.MenuController.updata()','{\"id\":65,\"spread\":true};',0,'127.0.0.1',NULL,NULL,'admin','2018-01-26 16:38:44'),(461,'更新菜单','com.meatball.system.menu.controller.MenuController.updata()','{\"href\":\"/system/menu/index\",\"icon\":\"&#xe65e;\",\"id\":64,\"name\":\"菜单管理\",\"orderNum\":3,\"perms\":\"system:menu\",\"spread\":false};',0,'127.0.0.1',NULL,NULL,'admin','2018-01-26 16:38:53'),(462,'用户登陆','com.meatball.login.controller.LoginController.validate()','{\"account\":\"admin\",\"password\":\"123\",\"rememberMe\":false,\"resetPwd\":false,\"statusType\":false};',0,'127.0.0.1',NULL,NULL,'admin','2018-01-26 16:39:05'),(463,'更新菜单','com.meatball.system.menu.controller.MenuController.updata()','{\"href\":\"/system/role/index\",\"icon\":\"&#xe634;\",\"id\":94,\"name\":\"角色管理\",\"orderNum\":2,\"perms\":\"system:role\",\"spread\":false};',0,'127.0.0.1',NULL,NULL,'admin','2018-01-26 16:41:55'),(464,'更新菜单','com.meatball.system.menu.controller.MenuController.updata()','{\"href\":\"/system/user/index\",\"icon\":\"&#xe60e;\",\"id\":68,\"name\":\"用户管理\",\"orderNum\":1,\"perms\":\"system:user\",\"spread\":false};',0,'127.0.0.1',NULL,NULL,'admin','2018-01-26 16:42:39'),(465,'更新菜单','com.meatball.system.menu.controller.MenuController.updata()','{\"href\":\"/system/dbmonitoring/index\",\"icon\":\"&#xe692;\",\"id\":93,\"name\":\"数据库监控\",\"orderNum\":4,\"perms\":\"system:druid\",\"spread\":false};',0,'127.0.0.1',NULL,NULL,'admin','2018-01-26 16:42:48'),(466,'更新菜单','com.meatball.system.menu.controller.MenuController.updata()','{\"href\":\"/system/index/\",\"icon\":\"&#xe683;\",\"id\":63,\"name\":\"系统管理\",\"orderNum\":99,\"perms\":\"system\",\"spread\":false};',0,'127.0.0.1',NULL,NULL,'admin','2018-01-26 16:43:03'),(467,'用户登陆','com.meatball.login.controller.LoginController.validate()','{\"account\":\"admin\",\"password\":\"123\",\"rememberMe\":false,\"resetPwd\":false,\"statusType\":false};',0,'127.0.0.1',NULL,NULL,'admin','2018-01-26 16:43:08'),(468,'更新菜单','com.meatball.system.menu.controller.MenuController.updata()','{\"href\":\"/system/dbmonitoring/index\",\"icon\":\"&#xe603;\",\"id\":93,\"name\":\"数据库监控\",\"orderNum\":4,\"perms\":\"system:druid\",\"spread\":false};',0,'127.0.0.1',NULL,NULL,'admin','2018-01-26 16:45:59'),(469,'数据库监控','com.meatball.system.database.controller.DatabaseMonitoring.index()','',0,'127.0.0.1',NULL,NULL,'admin','2018-01-26 16:46:08'),(470,'更新菜单','com.meatball.system.menu.controller.MenuController.updata()','{\"href\":\"/system/dbmonitoring/index\",\"icon\":\"&#xe603;\",\"id\":93,\"name\":\"数据库监控\",\"orderNum\":4,\"perms\":\"system:druid\",\"spread\":false};',0,'127.0.0.1',NULL,NULL,'admin','2018-01-26 16:46:48'),(471,'用户登陆','com.meatball.login.controller.LoginController.validate()','{\"account\":\"admin\",\"password\":\"123\",\"rememberMe\":false,\"resetPwd\":false,\"statusType\":false};',0,'127.0.0.1',NULL,NULL,'admin','2018-01-26 16:47:04'),(472,'数据库监控','com.meatball.system.database.controller.DatabaseMonitoring.index()','',0,'127.0.0.1',NULL,NULL,'admin','2018-01-26 16:47:07'),(473,'用户登陆','com.meatball.login.controller.LoginController.validate()','{\"account\":\"admin\",\"password\":\"123\",\"rememberMe\":false,\"resetPwd\":false,\"statusType\":false};',0,'127.0.0.1',NULL,NULL,'admin','2018-01-26 16:49:03'),(474,'更新菜单','com.meatball.system.menu.controller.MenuController.updata()','{\"href\":\"/hr/index/\",\"icon\":\"&#xe641;\",\"id\":65,\"name\":\"人力资源管理\",\"orderNum\":1,\"perms\":\"hr:index\",\"spread\":false};',0,'127.0.0.1',NULL,NULL,'admin','2018-01-26 16:49:16'),(475,'更新菜单','com.meatball.system.menu.controller.MenuController.updata()','{\"href\":\"/procurement/index/\",\"icon\":\"&#xe613;\",\"id\":95,\"name\":\"采购管理\",\"orderNum\":2,\"perms\":\"procurement:index\",\"spread\":false};',0,'127.0.0.1',NULL,NULL,'admin','2018-01-26 16:49:30'),(476,'用户登陆','com.meatball.login.controller.LoginController.validate()','{\"account\":\"admin\",\"password\":\"123\",\"rememberMe\":false,\"resetPwd\":false,\"statusType\":false};',0,'127.0.0.1',NULL,NULL,'admin','2018-01-26 16:49:33'),(477,'更新菜单','com.meatball.system.menu.controller.MenuController.updata()','{\"href\":\"123\",\"icon\":\"&#xe614;\",\"id\":90,\"name\":\"办公室管理\",\"orderNum\":3,\"perms\":\"111\",\"spread\":false};',0,'127.0.0.1',NULL,NULL,'admin','2018-01-26 16:50:20'),(478,'用户登陆','com.meatball.login.controller.LoginController.validate()','{\"account\":\"admin\",\"password\":\"123\",\"rememberMe\":false,\"resetPwd\":false,\"statusType\":false};',0,'127.0.0.1',NULL,NULL,'admin','2018-01-26 16:50:24'),(479,'更新菜单','com.meatball.system.menu.controller.MenuController.updata()','{\"href\":\"/hr/dept/index\",\"icon\":\"&#xe616;\",\"id\":96,\"name\":\"部门管理\",\"orderNum\":1,\"perms\":\"hr:dept:index\",\"spread\":false};',0,'127.0.0.1',NULL,NULL,'admin','2018-01-26 16:51:44'),(480,'更新菜单','com.meatball.system.menu.controller.MenuController.updata()','{\"id\":65,\"spread\":true};',0,'127.0.0.1',NULL,NULL,'admin','2018-01-26 16:51:49'),(481,'更新菜单','com.meatball.system.menu.controller.MenuController.updata()','{\"href\":\"/hr/user/index\",\"icon\":\"&#xe616;\",\"id\":97,\"name\":\"员工管理\",\"orderNum\":2,\"perms\":\"hr:user:index\",\"spread\":false};',0,'127.0.0.1',NULL,NULL,'admin','2018-01-26 16:52:09'),(482,'更新菜单','com.meatball.system.menu.controller.MenuController.updata()','{\"href\":\"/hr/dept/index\",\"icon\":\"&#xe690;\",\"id\":96,\"name\":\"部门管理\",\"orderNum\":1,\"perms\":\"hr:dept:index\",\"spread\":false};',0,'127.0.0.1',NULL,NULL,'admin','2018-01-26 16:52:20'),(483,'用户登陆','com.meatball.login.controller.LoginController.validate()','{\"account\":\"admin\",\"password\":\"123\",\"rememberMe\":false,\"resetPwd\":false,\"statusType\":false};',0,'127.0.0.1',NULL,NULL,'admin','2018-01-26 16:52:25'),(484,'更新菜单','com.meatball.system.menu.controller.MenuController.updata()','{\"href\":\"/hr/dept/index\",\"icon\":\"&#xe605;\",\"id\":96,\"name\":\"部门管理\",\"orderNum\":1,\"perms\":\"hr:dept:index\",\"spread\":false};',0,'127.0.0.1',NULL,NULL,'admin','2018-01-26 16:57:48'),(485,'用户登陆','com.meatball.login.controller.LoginController.validate()','{\"account\":\"admin\",\"password\":\"123\",\"rememberMe\":false,\"resetPwd\":false,\"statusType\":false};',0,'127.0.0.1',NULL,NULL,'admin','2018-01-26 16:58:06'),(486,'数据库监控','com.meatball.system.database.controller.DatabaseMonitoring.index()','',0,'127.0.0.1',NULL,NULL,'admin','2018-01-26 17:24:07'),(487,'数据库监控','com.meatball.system.database.controller.DatabaseMonitoring.index()','',0,'127.0.0.1',NULL,NULL,'admin','2018-01-26 17:24:12'),(488,'用户登陆','com.meatball.login.controller.LoginController.validate()','{\"account\":\"admin\",\"password\":\"123\",\"rememberMe\":false,\"resetPwd\":false,\"statusType\":false};',0,'127.0.0.1',NULL,NULL,'admin','2018-01-29 10:25:20'),(489,'用户登陆','com.meatball.login.controller.LoginController.validate()','{\"account\":\"admin\",\"password\":\"123\",\"rememberMe\":false,\"resetPwd\":false,\"statusType\":false};',0,'127.0.0.1',NULL,NULL,'admin','2018-01-29 10:31:35'),(490,'用户登陆','com.meatball.login.controller.LoginController.validate()','{\"account\":\"admin\",\"password\":\"123\",\"rememberMe\":false,\"resetPwd\":false,\"statusType\":false};',0,'127.0.0.1',NULL,NULL,'admin','2018-01-29 10:31:48'),(491,'用户登陆','com.meatball.login.controller.LoginController.validate()','{\"account\":\"admin\",\"password\":\"123\",\"rememberMe\":false,\"resetPwd\":false,\"statusType\":false};',0,'127.0.0.1',NULL,NULL,'admin','2018-01-29 11:00:57'),(492,'新增菜单','com.meatball.system.menu.controller.MenuController.add()','{\"hierarchy\":1,\"href\":\"1\",\"icon\":\"\",\"id\":68,\"name\":\"查看\",\"orderNum\":1,\"perms\":\"system:user:info\",\"pid\":63,\"spread\":false,\"type\":1,\"typeVo\":\"菜单\"};',0,'127.0.0.1',NULL,NULL,'admin','2018-01-29 11:53:33'),(493,'新增菜单','com.meatball.system.menu.controller.MenuController.add()','{\"hierarchy\":1,\"href\":\"1\",\"icon\":\"\",\"id\":68,\"name\":\"编辑\",\"orderNum\":2,\"perms\":\"system:user:edit\",\"pid\":63,\"spread\":false,\"type\":1,\"typeVo\":\"菜单\"};',0,'127.0.0.1',NULL,NULL,'admin','2018-01-29 11:54:32'),(494,'新增菜单','com.meatball.system.menu.controller.MenuController.add()','{\"hierarchy\":1,\"href\":\"1\",\"icon\":\"\",\"id\":68,\"name\":\"删除\",\"orderNum\":3,\"perms\":\"system:user:del\",\"pid\":63,\"spread\":false,\"type\":1,\"typeVo\":\"菜单\"};',0,'127.0.0.1',NULL,NULL,'admin','2018-01-29 11:55:04'),(495,'更新菜单','com.meatball.system.menu.controller.MenuController.updata()','{\"href\":\"1\",\"icon\":\"\",\"id\":111,\"name\":\"删除\",\"orderNum\":3,\"perms\":\"system:user:delete\",\"spread\":false};',0,'127.0.0.1',NULL,NULL,'admin','2018-01-29 11:55:16'),(496,'用户登陆','com.meatball.login.controller.LoginController.validate()','{\"account\":\"admin\",\"password\":\"123\",\"rememberMe\":false,\"resetPwd\":false,\"statusType\":false};',0,'127.0.0.1',NULL,NULL,'admin','2018-01-29 12:58:44'),(497,'用户登陆','com.meatball.login.controller.LoginController.validate()','{\"account\":\"admin\",\"password\":\"123\",\"rememberMe\":false,\"resetPwd\":false,\"statusType\":false};',0,'127.0.0.1',NULL,NULL,'admin','2018-01-29 12:58:44'),(498,'用户登陆','com.meatball.login.controller.LoginController.validate()','{\"account\":\"admin\",\"password\":\"123\",\"rememberMe\":false,\"resetPwd\":false,\"statusType\":false};',0,'127.0.0.1',NULL,NULL,'admin','2018-01-29 13:12:44'),(499,'用户登陆','com.meatball.login.controller.LoginController.validate()','{\"account\":\"admin\",\"password\":\"123\",\"rememberMe\":false,\"resetPwd\":false,\"statusType\":false};',0,'127.0.0.1',NULL,NULL,'admin','2018-01-29 13:39:52'),(500,'用户登陆','com.meatball.login.controller.LoginController.validate()','{\"account\":\"admin\",\"password\":\"123\",\"rememberMe\":false,\"resetPwd\":false,\"statusType\":false};',0,'127.0.0.1',NULL,NULL,'admin','2018-01-29 14:59:01'),(501,'更新菜单','com.meatball.system.menu.controller.MenuController.updata()','{\"href\":\"\",\"icon\":\"\",\"id\":109,\"name\":\"查看\",\"orderNum\":1,\"perms\":\"system:user:info\",\"spread\":false};',0,'127.0.0.1',NULL,NULL,'admin','2018-01-29 15:13:39'),(502,'更新菜单','com.meatball.system.menu.controller.MenuController.updata()','{\"href\":\"\",\"icon\":\"\",\"id\":110,\"name\":\"编辑\",\"orderNum\":2,\"perms\":\"system:user:edit\",\"spread\":false};',0,'127.0.0.1',NULL,NULL,'admin','2018-01-29 15:13:56'),(503,'更新菜单','com.meatball.system.menu.controller.MenuController.updata()','{\"href\":\"\",\"icon\":\"\",\"id\":111,\"name\":\"删除\",\"orderNum\":3,\"perms\":\"system:user:delete\",\"spread\":false};',0,'127.0.0.1',NULL,NULL,'admin','2018-01-29 15:14:10'),(504,'用户登陆','com.meatball.login.controller.LoginController.validate()','{\"account\":\"admin\",\"password\":\"123\",\"rememberMe\":false,\"resetPwd\":false,\"statusType\":false};',0,'127.0.0.1',NULL,NULL,'admin','2018-01-29 15:57:35'),(505,'用户登陆','com.meatball.login.controller.LoginController.validate()','{\"account\":\"admin\",\"password\":\"123\",\"rememberMe\":false,\"resetPwd\":false,\"statusType\":false};',0,'127.0.0.1',NULL,NULL,'admin','2018-01-29 17:12:53'),(506,'用户登陆','com.meatball.login.controller.LoginController.validate()','{\"account\":\"admin\",\"password\":\"123\",\"rememberMe\":false,\"resetPwd\":false,\"statusType\":false};',0,'127.0.0.1',NULL,NULL,'admin','2018-01-29 17:14:23'),(507,'用户登陆','com.meatball.login.controller.LoginController.validate()','{\"account\":\"admin\",\"password\":\"123\",\"rememberMe\":false,\"resetPwd\":false,\"statusType\":false};',0,'127.0.0.1',NULL,NULL,'admin','2018-01-29 17:17:12'),(508,'用户登陆','com.meatball.login.controller.LoginController.validate()','{\"account\":\"admin\",\"password\":\"123\",\"rememberMe\":false,\"resetPwd\":false,\"statusType\":false};',0,'127.0.0.1',NULL,NULL,'admin','2018-01-30 10:37:48'),(509,'用户登陆','com.meatball.login.controller.LoginController.validate()','{\"account\":\"admin\",\"password\":\"123\",\"rememberMe\":false,\"resetPwd\":false,\"statusType\":false};',0,'127.0.0.1',NULL,NULL,'admin','2018-01-30 13:25:41'),(510,'用户登陆','com.meatball.login.controller.LoginController.validate()','{\"account\":\"admin\",\"password\":\"123\",\"rememberMe\":false,\"resetPwd\":false,\"statusType\":false};',0,'127.0.0.1',NULL,NULL,'admin','2018-01-30 13:40:49'),(511,'用户登陆','com.meatball.login.controller.LoginController.validate()','{\"account\":\"admin\",\"password\":\"123\",\"rememberMe\":false,\"resetPwd\":false,\"statusType\":false};',0,'127.0.0.1',NULL,NULL,'admin','2018-01-30 14:32:45'),(512,'用户登陆','com.meatball.login.controller.LoginController.validate()','{\"account\":\"admin\",\"password\":\"123\",\"rememberMe\":false,\"resetPwd\":false,\"statusType\":false};',0,'127.0.0.1',NULL,NULL,'admin','2018-01-30 15:10:29'),(513,'数据库监控','com.meatball.system.database.controller.DatabaseMonitoring.index()','',0,'127.0.0.1',NULL,NULL,'admin','2018-01-30 15:17:32'),(514,'用户登陆','com.meatball.login.controller.LoginController.validate()','{\"account\":\"admin\",\"password\":\"123\",\"rememberMe\":false,\"resetPwd\":false,\"statusType\":false};',0,'127.0.0.1',NULL,NULL,'admin','2018-01-30 15:18:08'),(515,'数据库监控','com.meatball.system.database.controller.DatabaseMonitoring.index()','',0,'127.0.0.1',NULL,NULL,'admin','2018-01-30 15:18:11'),(516,'用户登陆','com.meatball.login.controller.LoginController.validate()','{\"account\":\"admin\",\"password\":\"123\",\"rememberMe\":false,\"resetPwd\":false,\"statusType\":false};',0,'127.0.0.1',NULL,NULL,'admin','2018-01-30 17:08:45'),(517,'用户登陆','com.meatball.login.controller.LoginController.validate()','{\"account\":\"admin\",\"password\":\"123\",\"rememberMe\":false,\"resetPwd\":false,\"statusType\":false};',0,'127.0.0.1',NULL,NULL,'admin','2018-01-31 13:24:00'),(518,'用户登陆','com.meatball.login.controller.LoginController.validate()','{\"account\":\"admin\",\"password\":\"123\",\"rememberMe\":false,\"resetPwd\":false,\"statusType\":false};',0,'127.0.0.1',NULL,NULL,'admin','2018-01-31 13:56:04'),(519,'用户登陆','com.meatball.login.controller.LoginController.validate()','{\"account\":\"admin\",\"password\":\"123\",\"rememberMe\":false,\"resetPwd\":false,\"statusType\":false};',0,'127.0.0.1',NULL,NULL,'admin','2018-01-31 14:02:00'),(520,'用户登陆','com.meatball.login.controller.LoginController.validate()','{\"account\":\"admin\",\"password\":\"123\",\"rememberMe\":false,\"resetPwd\":false,\"statusType\":false};',0,'127.0.0.1',NULL,NULL,'admin','2018-01-31 14:05:40'),(521,'用户登陆','com.meatball.login.controller.LoginController.validate()','{\"account\":\"admin\",\"password\":\"123\",\"rememberMe\":false,\"resetPwd\":false,\"statusType\":false};',0,'127.0.0.1',NULL,NULL,'admin','2018-01-31 14:07:00'),(522,'用户登陆','com.meatball.login.controller.LoginController.validate()','{\"account\":\"admin\",\"password\":\"123\",\"rememberMe\":false,\"resetPwd\":false,\"statusType\":false};',0,'127.0.0.1',NULL,NULL,'admin','2018-01-31 14:08:45'),(523,'用户登陆','com.meatball.login.controller.LoginController.validate()','{\"account\":\"admin\",\"password\":\"123\",\"rememberMe\":false,\"resetPwd\":false,\"statusType\":false};',0,'127.0.0.1',NULL,NULL,'admin','2018-01-31 14:08:55'),(524,'用户登陆','com.meatball.login.controller.LoginController.validate()','{\"account\":\"admin\",\"password\":\"123\",\"rememberMe\":false,\"resetPwd\":false,\"statusType\":false};',0,'127.0.0.1',NULL,NULL,'admin','2018-01-31 14:09:18'),(525,'用户登陆','com.meatball.login.controller.LoginController.validate()','{\"account\":\"admin\",\"password\":\"123\",\"rememberMe\":false,\"resetPwd\":false,\"statusType\":false};',0,'127.0.0.1',NULL,NULL,'admin','2018-01-31 14:09:47'),(526,'用户登陆','com.meatball.login.controller.LoginController.validate()','{\"account\":\"admin\",\"password\":\"123\",\"rememberMe\":false,\"resetPwd\":false,\"statusType\":false};',0,'127.0.0.1',NULL,NULL,'admin','2018-01-31 14:09:57'),(527,'用户登陆','com.meatball.login.controller.LoginController.validate()','{\"account\":\"admin\",\"password\":\"123\",\"rememberMe\":false,\"resetPwd\":false,\"statusType\":false};',0,'127.0.0.1',NULL,NULL,'admin','2018-01-31 14:12:05'),(528,'用户登陆','com.meatball.login.controller.LoginController.validate()','{\"account\":\"admin\",\"password\":\"123\",\"rememberMe\":false,\"resetPwd\":false,\"statusType\":false};',0,'127.0.0.1',NULL,NULL,'admin','2018-01-31 14:15:49'),(529,'用户登陆','com.meatball.login.controller.LoginController.validate()','{\"account\":\"admin\",\"password\":\"123\",\"rememberMe\":false,\"resetPwd\":false,\"statusType\":false};',0,'127.0.0.1',NULL,NULL,'admin','2018-01-31 14:17:10'),(530,'用户登陆','com.meatball.login.controller.LoginController.validate()','{\"account\":\"admin\",\"password\":\"123\",\"rememberMe\":false,\"resetPwd\":false,\"statusType\":false};',0,'127.0.0.1',NULL,NULL,'admin','2018-01-31 14:17:19'),(531,'用户登陆','com.meatball.login.controller.LoginController.validate()','{\"account\":\"admin\",\"password\":\"123\",\"rememberMe\":false,\"resetPwd\":false,\"statusType\":false};',0,'127.0.0.1',NULL,NULL,'admin','2018-01-31 14:18:14'),(532,'用户登陆','com.meatball.login.controller.LoginController.validate()','{\"account\":\"admin\",\"password\":\"123\",\"rememberMe\":false,\"resetPwd\":false,\"statusType\":false};',0,'127.0.0.1',NULL,NULL,'admin','2018-01-31 14:30:35'),(533,'用户登陆','com.meatball.login.controller.LoginController.validate()','{\"account\":\"admin\",\"password\":\"123\",\"rememberMe\":false,\"resetPwd\":false,\"statusType\":false};',0,'127.0.0.1',NULL,NULL,'admin','2018-01-31 14:31:47'),(534,'用户登陆','com.meatball.login.controller.LoginController.validate()','{\"account\":\"admin\",\"password\":\"123\",\"rememberMe\":false,\"resetPwd\":false,\"statusType\":false};',0,'127.0.0.1',NULL,NULL,'admin','2018-01-31 14:33:58'),(535,'用户登陆','com.meatball.login.controller.LoginController.validate()','{\"account\":\"admin\",\"password\":\"123\",\"rememberMe\":false,\"resetPwd\":false,\"statusType\":false};',0,'127.0.0.1',NULL,NULL,'admin','2018-01-31 14:34:53'),(536,'用户登陆','com.meatball.login.controller.LoginController.validate()','{\"account\":\"admin\",\"password\":\"123\",\"rememberMe\":false,\"resetPwd\":false,\"statusType\":false};',0,'127.0.0.1',NULL,NULL,'admin','2018-01-31 14:34:56'),(537,'用户登陆','com.meatball.login.controller.LoginController.validate()','{\"account\":\"admin\",\"password\":\"123\",\"rememberMe\":false,\"resetPwd\":false,\"statusType\":false};',0,'127.0.0.1',NULL,NULL,'admin','2018-01-31 14:35:01'),(538,'用户登陆','com.meatball.login.controller.LoginController.validate()','{\"account\":\"admin\",\"password\":\"123\",\"rememberMe\":false,\"resetPwd\":false,\"statusType\":false};',0,'127.0.0.1',NULL,NULL,'admin','2018-01-31 15:52:29'),(539,'用户登陆','com.meatball.login.controller.LoginController.validate()','{\"account\":\"admin\",\"password\":\"123\",\"rememberMe\":false,\"resetPwd\":false,\"statusType\":false};',0,'127.0.0.1',NULL,NULL,'admin','2018-01-31 17:57:22'),(540,'用户登陆','com.meatball.login.controller.LoginController.validate()','{\"account\":\"admin\",\"password\":\"123\",\"rememberMe\":false,\"resetPwd\":false,\"statusType\":false};',0,'127.0.0.1',NULL,NULL,'admin','2018-02-01 10:08:44'),(541,'用户登陆','com.meatball.login.controller.LoginController.validate()','{\"account\":\"admin\",\"password\":\"123\",\"rememberMe\":false,\"resetPwd\":false,\"statusType\":false};',0,'127.0.0.1',NULL,NULL,'admin','2018-02-01 10:15:06'),(542,'用户登陆','com.meatball.login.controller.LoginController.validate()','{\"account\":\"admin\",\"password\":\"123\",\"rememberMe\":false,\"resetPwd\":false,\"statusType\":false};',0,'127.0.0.1',NULL,NULL,'admin','2018-02-01 10:25:36'),(543,'用户登陆','com.meatball.login.controller.LoginController.validate()','{\"account\":\"admin\",\"password\":\"123\",\"rememberMe\":false,\"resetPwd\":false,\"statusType\":false};',0,'127.0.0.1',NULL,NULL,'admin','2018-02-01 10:26:43'),(544,'用户登陆','com.meatball.login.controller.LoginController.validate()','{\"account\":\"admin\",\"password\":\"123\",\"rememberMe\":false,\"resetPwd\":false,\"statusType\":false};',0,'127.0.0.1',NULL,NULL,'admin','2018-02-01 10:30:52'),(545,'用户登陆','com.meatball.login.controller.LoginController.validate()','{\"account\":\"admin\",\"password\":\"123\",\"rememberMe\":false,\"resetPwd\":false,\"statusType\":false};',0,'127.0.0.1',NULL,NULL,'admin','2018-02-01 10:31:53'),(546,'用户登陆','com.meatball.login.controller.LoginController.validate()','{\"account\":\"admin\",\"password\":\"123\",\"rememberMe\":false,\"resetPwd\":false,\"statusType\":false};',0,'127.0.0.1',NULL,NULL,'admin','2018-02-01 10:46:32'),(547,'用户登陆','com.meatball.login.controller.LoginController.validate()','{\"account\":\"admin\",\"password\":\"123\",\"rememberMe\":false,\"resetPwd\":false,\"statusType\":false};',0,'127.0.0.1',NULL,NULL,'admin','2018-02-01 10:47:23'),(548,'用户登陆','com.meatball.login.controller.LoginController.validate()','{\"account\":\"admin\",\"password\":\"123\",\"rememberMe\":false,\"resetPwd\":false,\"statusType\":false};',0,'127.0.0.1',NULL,NULL,'admin','2018-02-01 10:49:46'),(549,'用户登陆','com.meatball.login.controller.LoginController.validate()','{\"account\":\"admin\",\"password\":\"123\",\"rememberMe\":false,\"resetPwd\":false,\"statusType\":false};',0,'127.0.0.1',NULL,NULL,'admin','2018-02-01 10:50:35'),(550,'用户登陆','com.meatball.login.controller.LoginController.validate()','{\"account\":\"admin\",\"password\":\"123\",\"rememberMe\":false,\"resetPwd\":false,\"statusType\":false};',0,'127.0.0.1',NULL,NULL,'admin','2018-02-01 10:52:41'),(551,'用户登陆','com.meatball.login.controller.LoginController.validate()','{\"account\":\"admin\",\"password\":\"123\",\"rememberMe\":false,\"resetPwd\":false,\"statusType\":false};',0,'127.0.0.1',NULL,NULL,'admin','2018-02-01 10:54:53'),(552,'用户登陆','com.meatball.login.controller.LoginController.validate()','{\"account\":\"admin\",\"password\":\"123\",\"rememberMe\":false,\"resetPwd\":false,\"statusType\":false};',0,'127.0.0.1',NULL,NULL,'admin','2018-02-01 10:55:40'),(553,'用户登陆','com.meatball.login.controller.LoginController.validate()','{\"account\":\"admin\",\"password\":\"123\",\"rememberMe\":false,\"resetPwd\":false,\"statusType\":false};',0,'127.0.0.1',NULL,NULL,'admin','2018-02-01 10:56:13'),(554,'用户登陆','com.meatball.login.controller.LoginController.validate()','{\"account\":\"admin\",\"password\":\"123\",\"rememberMe\":false,\"resetPwd\":false,\"statusType\":false};',0,'127.0.0.1',NULL,NULL,'admin','2018-02-01 10:57:20'),(555,'用户登陆','com.meatball.login.controller.LoginController.validate()','{\"account\":\"admin\",\"password\":\"123\",\"rememberMe\":false,\"resetPwd\":false,\"statusType\":false};',0,'127.0.0.1',NULL,NULL,'admin','2018-02-01 10:58:46'),(556,'用户登陆','com.meatball.login.controller.LoginController.validate()','{\"account\":\"admin\",\"password\":\"123\",\"rememberMe\":false,\"resetPwd\":false,\"statusType\":false};',0,'127.0.0.1',NULL,NULL,'admin','2018-02-01 10:59:07'),(557,'用户登陆','com.meatball.login.controller.LoginController.validate()','{\"account\":\"admin\",\"password\":\"123\",\"rememberMe\":false,\"resetPwd\":false,\"statusType\":false};',0,'127.0.0.1',NULL,NULL,'admin','2018-02-01 11:00:27'),(558,'用户登陆','com.meatball.login.controller.LoginController.validate()','{\"account\":\"admin\",\"password\":\"123\",\"rememberMe\":false,\"resetPwd\":false,\"statusType\":false};',0,'127.0.0.1',NULL,NULL,'admin','2018-02-01 11:00:51'),(559,'用户登陆','com.meatball.login.controller.LoginController.validate()','{\"account\":\"admin\",\"password\":\"123\",\"rememberMe\":false,\"resetPwd\":false,\"statusType\":false};',0,'127.0.0.1',NULL,NULL,'admin','2018-02-01 11:01:54'),(560,'用户登陆','com.meatball.login.controller.LoginController.validate()','{\"account\":\"admin\",\"password\":\"123\",\"rememberMe\":false,\"resetPwd\":false,\"statusType\":false};',0,'127.0.0.1',NULL,NULL,'admin','2018-02-01 11:04:48'),(561,'用户登陆','com.meatball.login.controller.LoginController.validate()','{\"account\":\"admin\",\"password\":\"123\",\"rememberMe\":false,\"resetPwd\":false,\"statusType\":false};',0,'127.0.0.1',NULL,NULL,'admin','2018-02-01 11:05:40'),(562,'用户登陆','com.meatball.login.controller.LoginController.validate()','{\"account\":\"admin\",\"password\":\"123\",\"rememberMe\":false,\"resetPwd\":false,\"statusType\":false};',0,'127.0.0.1',NULL,NULL,'admin','2018-02-01 11:45:01'),(563,'用户登陆','com.meatball.login.controller.LoginController.validate()','{\"account\":\"admin\",\"password\":\"123\",\"rememberMe\":false,\"resetPwd\":false,\"statusType\":false};',0,'127.0.0.1',NULL,NULL,'admin','2018-02-01 11:45:15'),(564,'用户登陆','com.meatball.login.controller.LoginController.validate()','{\"account\":\"admin\",\"password\":\"123\",\"rememberMe\":false,\"resetPwd\":false,\"statusType\":false};',0,'127.0.0.1',NULL,NULL,'admin','2018-02-01 11:56:52'),(565,'用户登陆','com.meatball.login.controller.LoginController.validate()','{\"account\":\"admin\",\"password\":\"123\",\"rememberMe\":false,\"resetPwd\":false,\"statusType\":false};',0,'127.0.0.1',NULL,NULL,'admin','2018-02-01 11:57:06'),(566,'用户登陆','com.meatball.login.controller.LoginController.validate()','{\"account\":\"admin\",\"password\":\"123\",\"rememberMe\":false,\"resetPwd\":false,\"statusType\":false};',0,'127.0.0.1',NULL,NULL,'admin','2018-02-01 12:53:12'),(567,'用户登陆','com.meatball.login.controller.LoginController.validate()','{\"account\":\"admin\",\"password\":\"123\",\"rememberMe\":false,\"resetPwd\":false,\"statusType\":false};',0,'127.0.0.1',NULL,NULL,'admin','2018-02-01 12:58:47'),(568,'用户登陆','com.meatball.login.controller.LoginController.validate()','{\"account\":\"admin\",\"password\":\"123\",\"rememberMe\":false,\"resetPwd\":false,\"statusType\":false};',0,'127.0.0.1',NULL,NULL,'admin','2018-02-01 13:28:11'),(569,'用户登陆','com.meatball.login.controller.LoginController.validate()','{\"account\":\"admin\",\"password\":\"123\",\"rememberMe\":false,\"resetPwd\":false,\"statusType\":false};',0,'127.0.0.1',NULL,NULL,'admin','2018-02-01 14:29:28'),(570,'用户登陆','com.meatball.login.controller.LoginController.validate()','{\"account\":\"123\",\"password\":\"123\",\"rememberMe\":false,\"resetPwd\":false,\"statusType\":false};',0,'127.0.0.1',NULL,NULL,'123','2018-02-01 15:05:22'),(571,'用户登陆','com.meatball.login.controller.LoginController.validate()','{\"account\":\"admin\",\"password\":\"123\",\"rememberMe\":false,\"resetPwd\":false,\"statusType\":false};',0,'127.0.0.1',NULL,NULL,'123','2018-02-01 15:05:27'),(572,'用户登陆','com.meatball.login.controller.LoginController.validate()','{\"account\":\"admin\",\"password\":\"123\",\"rememberMe\":false,\"resetPwd\":false,\"statusType\":false};',0,'127.0.0.1',NULL,NULL,'admin','2018-02-01 15:06:16'),(573,'用户登陆','com.meatball.login.controller.LoginController.validate()','{\"account\":\"admin\",\"password\":\"123\",\"rememberMe\":false,\"resetPwd\":false,\"statusType\":false};',0,'127.0.0.1',NULL,NULL,'admin','2018-02-01 15:07:45'),(574,'用户登陆','com.meatball.login.controller.LoginController.validate()','{\"account\":\"admin\",\"password\":\"123\",\"rememberMe\":false,\"resetPwd\":false,\"statusType\":false};',0,'127.0.0.1',NULL,NULL,'admin','2018-02-01 15:10:10'),(575,'用户登陆','com.meatball.login.controller.LoginController.validate()','{\"account\":\"admin\",\"password\":\"123\",\"rememberMe\":false,\"resetPwd\":false,\"statusType\":false};',0,'127.0.0.1',NULL,NULL,'admin','2018-02-01 15:44:12'),(576,'用户登陆','com.meatball.login.controller.LoginController.validate()','{\"account\":\"admin\",\"password\":\"123\",\"rememberMe\":false,\"resetPwd\":false,\"statusType\":false};',0,'127.0.0.1',NULL,NULL,'admin','2018-02-01 15:59:16'),(577,'更新菜单','com.meatball.system.menu.controller.MenuController.updata()','{\"checked\":false,\"href\":\"/system/index/\",\"icon\":\"\",\"id\":63,\"name\":\"系统管理\",\"orderNum\":99,\"perms\":\"system:index\",\"spread\":false};',0,'127.0.0.1',NULL,NULL,'admin','2018-02-01 15:59:54'),(578,'更新菜单','com.meatball.system.menu.controller.MenuController.updata()','{\"checked\":false,\"href\":\"/system/role/index\",\"icon\":\"\",\"id\":94,\"name\":\"角色管理\",\"orderNum\":2,\"perms\":\"system:role:index\",\"spread\":false};',0,'127.0.0.1',NULL,NULL,'admin','2018-02-01 16:15:33'),(579,'新增菜单','com.meatball.system.menu.controller.MenuController.add()','{\"checked\":false,\"hierarchy\":1,\"href\":\"\",\"icon\":\"\",\"id\":94,\"name\":\"新增\",\"orderNum\":1,\"perms\":\"system:role:add\",\"pid\":63,\"spread\":false,\"type\":2,\"typeVo\":\"按钮\"};',0,'127.0.0.1',NULL,NULL,'admin','2018-02-01 16:16:17'),(580,'新增菜单','com.meatball.system.menu.controller.MenuController.add()','{\"checked\":false,\"hierarchy\":1,\"href\":\"\",\"icon\":\"\",\"id\":68,\"name\":\"新增\",\"orderNum\":1,\"perms\":\"system:user:add\",\"pid\":63,\"spread\":false,\"type\":1,\"typeVo\":\"菜单\"};',0,'127.0.0.1',NULL,NULL,'admin','2018-02-01 16:17:25'),(581,'更新菜单','com.meatball.system.menu.controller.MenuController.updata()','{\"checked\":false,\"href\":\"\",\"icon\":\"\",\"id\":109,\"name\":\"查看\",\"orderNum\":2,\"perms\":\"system:user:info\",\"spread\":false};',0,'127.0.0.1',NULL,NULL,'admin','2018-02-01 16:17:32'),(582,'更新菜单','com.meatball.system.menu.controller.MenuController.updata()','{\"checked\":false,\"href\":\"\",\"icon\":\"\",\"id\":110,\"name\":\"编辑\",\"orderNum\":3,\"perms\":\"system:user:edit\",\"spread\":false};',0,'127.0.0.1',NULL,NULL,'admin','2018-02-01 16:17:37'),(583,'更新菜单','com.meatball.system.menu.controller.MenuController.updata()','{\"checked\":false,\"href\":\"\",\"icon\":\"\",\"id\":111,\"name\":\"删除\",\"orderNum\":4,\"perms\":\"system:user:delete\",\"spread\":false};',0,'127.0.0.1',NULL,NULL,'admin','2018-02-01 16:17:43'),(584,'新增菜单','com.meatball.system.menu.controller.MenuController.add()','{\"checked\":false,\"hierarchy\":1,\"href\":\"\",\"icon\":\"\",\"id\":94,\"name\":\"查看\",\"orderNum\":2,\"perms\":\"system:role:info\",\"pid\":63,\"spread\":false,\"type\":2,\"typeVo\":\"按钮\"};',0,'127.0.0.1',NULL,NULL,'admin','2018-02-01 16:18:40'),(585,'新增菜单','com.meatball.system.menu.controller.MenuController.add()','{\"checked\":false,\"hierarchy\":1,\"href\":\"\",\"icon\":\"\",\"id\":94,\"name\":\"编辑\",\"orderNum\":3,\"perms\":\"system:role:edit\",\"pid\":63,\"spread\":false,\"type\":2,\"typeVo\":\"按钮\"};',0,'127.0.0.1',NULL,NULL,'admin','2018-02-01 16:19:04'),(586,'新增菜单','com.meatball.system.menu.controller.MenuController.add()','{\"checked\":false,\"hierarchy\":1,\"href\":\"\",\"icon\":\"\",\"id\":94,\"name\":\"删除\",\"orderNum\":4,\"perms\":\"system:role:delete\",\"pid\":63,\"spread\":false,\"type\":2,\"typeVo\":\"按钮\"};',0,'127.0.0.1',NULL,NULL,'admin','2018-02-01 16:19:21'),(587,'新增菜单','com.meatball.system.menu.controller.MenuController.add()','{\"checked\":false,\"hierarchy\":1,\"href\":\"\",\"icon\":\"\",\"id\":64,\"name\":\"新增\",\"orderNum\":1,\"perms\":\"system:menu:add\",\"pid\":63,\"spread\":false,\"type\":2,\"typeVo\":\"按钮\"};',0,'127.0.0.1',NULL,NULL,'admin','2018-02-01 16:26:07'),(588,'新增菜单','com.meatball.system.menu.controller.MenuController.add()','{\"checked\":false,\"hierarchy\":1,\"href\":\"\",\"icon\":\"\",\"id\":64,\"name\":\"查看\",\"orderNum\":2,\"perms\":\"system:menu:info\",\"pid\":63,\"spread\":false,\"type\":2,\"typeVo\":\"按钮\"};',0,'127.0.0.1',NULL,NULL,'admin','2018-02-01 16:26:43'),(589,'新增菜单','com.meatball.system.menu.controller.MenuController.add()','{\"checked\":false,\"hierarchy\":1,\"href\":\"\",\"icon\":\"\",\"id\":64,\"name\":\"编辑\",\"orderNum\":3,\"perms\":\"system:menu:edit\",\"pid\":63,\"spread\":false,\"type\":2,\"typeVo\":\"按钮\"};',0,'127.0.0.1',NULL,NULL,'admin','2018-02-01 16:27:05'),(590,'新增菜单','com.meatball.system.menu.controller.MenuController.add()','{\"checked\":false,\"hierarchy\":1,\"href\":\"\",\"icon\":\"\",\"id\":64,\"name\":\"删除\",\"orderNum\":4,\"perms\":\"system:menu:delete\",\"pid\":63,\"spread\":false,\"type\":2,\"typeVo\":\"按钮\"};',0,'127.0.0.1',NULL,NULL,'admin','2018-02-01 16:27:22');
/*!40000 ALTER TABLE `sys_log` ENABLE KEYS */;
UNLOCK TABLES;

--
-- Table structure for table `sys_menu`
--

DROP TABLE IF EXISTS `sys_menu`;
/*!40101 SET @saved_cs_client     = @@character_set_client */;
/*!40101 SET character_set_client = utf8 */;
CREATE TABLE `sys_menu` (
  `id` bigint(20) NOT NULL AUTO_INCREMENT,
  `pid` bigint(20) DEFAULT NULL COMMENT '父菜单ID，一级菜单为0',
  `name` varchar(50) DEFAULT NULL COMMENT '菜单名称',
  `href` varchar(200) DEFAULT NULL COMMENT '菜单URL',
  `perms` varchar(50) DEFAULT NULL COMMENT '授权(如：user:list)',
  `type` int(11) DEFAULT NULL COMMENT '类型   0：目录   1：菜单   2：按钮',
  `icon` varchar(50) DEFAULT NULL COMMENT '菜单图标',
  `order_num` int(11) DEFAULT NULL COMMENT '排序',
  `create_time` datetime DEFAULT NULL COMMENT '创建时间',
  `spread` tinyint(4) DEFAULT NULL COMMENT '是否展开',
  PRIMARY KEY (`id`)
) ENGINE=InnoDB AUTO_INCREMENT=121 DEFAULT CHARSET=utf8 COMMENT='菜单管理';
/*!40101 SET character_set_client = @saved_cs_client */;

--
-- Dumping data for table `sys_menu`
--

LOCK TABLES `sys_menu` WRITE;
/*!40000 ALTER TABLE `sys_menu` DISABLE KEYS */;
INSERT INTO `sys_menu` VALUES (63,0,'系统管理','/system/index/','system:index',0,'',99,NULL,0),(64,63,'菜单管理','/system/menu/index','system:menu:index',1,'&#xe65e;',3,NULL,0),(65,0,'人力资源管理','/hr/index/','hr:index',0,'&#xe641;',1,NULL,1),(68,63,'用户管理','/system/user/index','system:user:index',1,'&#xe60e;',1,NULL,0),(90,0,'办公室管理','123','111',0,'&#xe614;',3,'2018-01-08 16:58:00',0),(93,63,'数据库监控','/system/dbmonitoring/index','system:druid',1,'&#xe603;',4,'2018-01-12 21:50:37',0),(94,63,'角色管理','/system/role/index','system:role:index',1,'',2,'2018-01-14 21:32:27',0),(95,0,'采购管理','/procurement/index/','procurement:index',0,'&#xe613;',2,'2018-01-18 16:22:16',0),(96,65,'部门管理','/hr/dept/index','hr:dept:index',1,'&#xe605;',1,'2018-01-18 21:31:34',0),(97,65,'员工管理','/hr/user/index','hr:user:index',1,'&#xe616;',2,'2018-01-18 21:32:20',0),(98,95,'采购业务管理','/procurement/order/index','procurement:order:index',1,'',1,'2018-01-19 18:46:52',0),(99,95,'供应商管理','123','1',1,'',2,'2018-01-19 18:47:13',0),(109,68,'查看','','system:user:info',2,'',2,'2018-01-29 11:53:33',0),(110,68,'编辑','','system:user:edit',2,'',3,'2018-01-29 11:54:32',0),(111,68,'删除','','system:user:delete',2,'',4,'2018-01-29 11:55:04',0),(112,94,'新增','','system:role:add',2,'',1,'2018-02-01 16:16:17',0),(113,68,'新增','','system:user:add',1,'',1,'2018-02-01 16:17:25',0),(114,94,'查看','','system:role:info',2,'',2,'2018-02-01 16:18:40',0),(115,94,'编辑','','system:role:edit',2,'',3,'2018-02-01 16:19:04',0),(116,94,'删除','','system:role:delete',2,'',4,'2018-02-01 16:19:22',0),(117,64,'新增','','system:menu:add',2,'',1,'2018-02-01 16:26:07',0),(118,64,'查看','','system:menu:info',2,'',2,'2018-02-01 16:26:43',0),(119,64,'编辑','','system:menu:edit',2,'',3,'2018-02-01 16:27:05',0),(120,64,'删除','','system:menu:delete',2,'',4,'2018-02-01 16:27:22',0);
/*!40000 ALTER TABLE `sys_menu` ENABLE KEYS */;
UNLOCK TABLES;

--
-- Table structure for table `sys_role`
--

DROP TABLE IF EXISTS `sys_role`;
/*!40101 SET @saved_cs_client     = @@character_set_client */;
/*!40101 SET character_set_client = utf8 */;
CREATE TABLE `sys_role` (
  `id` bigint(20) NOT NULL AUTO_INCREMENT,
  `role_name` varchar(50) DEFAULT NULL COMMENT '角色名称',
  `role_sign` varchar(1000) DEFAULT NULL COMMENT '角色标识',
  `role_view` varchar(500) DEFAULT NULL COMMENT '显示拥有权限',
  `remark` varchar(100) DEFAULT NULL COMMENT '备注',
  `create_time` datetime DEFAULT NULL COMMENT '创建时间',
  `update_time` datetime DEFAULT NULL COMMENT '修改时间',
  PRIMARY KEY (`id`)
) ENGINE=InnoDB AUTO_INCREMENT=16 DEFAULT CHARSET=utf8 COMMENT='角色';
/*!40101 SET character_set_client = @saved_cs_client */;

--
-- Dumping data for table `sys_role`
--

LOCK TABLES `sys_role` WRITE;
/*!40000 ALTER TABLE `sys_role` DISABLE KEYS */;
INSERT INTO `sys_role` VALUES (4,'超级管理员','system:index,system:user:index,system:user:info,system:user:edit,system:user:delete,system:role:index,system:role:info,system:role:edit,system:role:delete,system:menu:index,system:druid','系统管理,用户管理,查看,编辑,删除,角色管理,查看,编辑,删除,菜单管理,数据库监控','','2018-01-30 14:10:38','2018-02-01 16:22:46'),(14,'123','hr:index,hr:dept:index,hr:user:index,hr:dept:index,hr:user:index','人力资源管理,部门管理,员工管理,部门管理,员工管理','','2018-01-31 17:21:49','2018-01-31 18:11:07');
/*!40000 ALTER TABLE `sys_role` ENABLE KEYS */;
UNLOCK TABLES;

--
-- Table structure for table `sys_user`
--

DROP TABLE IF EXISTS `sys_user`;
/*!40101 SET @saved_cs_client     = @@character_set_client */;
/*!40101 SET character_set_client = utf8 */;
CREATE TABLE `sys_user` (
  `id` bigint(20) NOT NULL AUTO_INCREMENT COMMENT '主键id',
  `avatar` varchar(255) DEFAULT NULL COMMENT '头像',
  `account` varchar(45) DEFAULT NULL COMMENT '账号',
  `password` varchar(45) DEFAULT NULL COMMENT '密码',
  `salt` varchar(45) DEFAULT NULL COMMENT 'md5密码盐',
  `name` varchar(45) DEFAULT NULL COMMENT '名字',
  `birthday` datetime DEFAULT NULL COMMENT '生日',
  `sex` int(1) DEFAULT NULL COMMENT '性别（1：男 2：女）',
  `email` varchar(45) DEFAULT NULL COMMENT '电子邮件',
  `phone` varchar(45) DEFAULT NULL COMMENT '电话',
  `roleid` varchar(255) DEFAULT NULL COMMENT '角色id',
  `deptid` varchar(32) DEFAULT NULL COMMENT '部门id',
  `status` int(11) DEFAULT NULL COMMENT '状态(1：启用  0：冻结 ）',
  `createtime` datetime DEFAULT NULL COMMENT '创建时间',
  `version` int(11) DEFAULT NULL COMMENT '保留字段',
  PRIMARY KEY (`id`)
) ENGINE=InnoDB AUTO_INCREMENT=14 DEFAULT CHARSET=utf8 COMMENT='管理员表';
/*!40101 SET character_set_client = @saved_cs_client */;

--
-- Dumping data for table `sys_user`
--

LOCK TABLES `sys_user` WRITE;
/*!40000 ALTER TABLE `sys_user` DISABLE KEYS */;
INSERT INTO `sys_user` VALUES (1,'/meatball/image/head_wjp.jpg','zhangsan','********','abc','张三','2018-01-11 00:00:00',1,'san.zhang@foxmail.com','13882006101',NULL,NULL,1,'2017-01-10 14:41:24',NULL),(2,'/meatball/image/head_wjp.jpg','lisi','********','ccc','李四','2018-01-11 00:00:00',1,'si.li@163.com','13888888888',NULL,NULL,1,'2017-01-10 14:41:24',NULL),(3,'MjAxOC0wMS0yMi8xNTE2NTg3NzMzMDc1LnBuZw==.png','admin','65ae02591f484ec799092cf3aa1749c9','ccc','系统管理员','2018-01-11 00:00:00',2,'admin@meatball.com','13888888888',NULL,NULL,1,'2017-01-10 14:41:24',NULL),(9,'MjAxOC0wMS0yMS8xNTE2NTA3NDk1MTY1LnBuZw==.png','1231','28dde1a374fc63b53a6c34baa742277c','u8hlek7tv1fwaoyldirkwvtqc7whpphmb6lwggcg11zqi','123','2018-01-11 00:00:00',0,'11@11.com','13888888888',NULL,NULL,1,'2018-01-11 17:26:15',NULL),(10,'','123','d14c46e85ec5ee7e9cabb83e51772569','bbtmd1awsb0bf8kjnwz24jlwpaaoaqo0qdehf9jmccfj6','123','2018-01-25 00:00:00',0,'123@11.com','13888888888',NULL,NULL,1,'2018-01-25 18:55:39',NULL),(11,'','112','944b7d97d71adf371fe9ea84c0b7b63a','2a90vj7alts3rd1nj9d4r04wvj9jzwtcqtjjb57ld0bdu','12','2018-01-10 00:00:00',0,'111@11.com','13888888888',NULL,NULL,1,'2018-01-30 16:07:32',NULL);
/*!40000 ALTER TABLE `sys_user` ENABLE KEYS */;
UNLOCK TABLES;

--
-- Table structure for table `sys_user_role_links`
--

DROP TABLE IF EXISTS `sys_user_role_links`;
/*!40101 SET @saved_cs_client     = @@character_set_client */;
/*!40101 SET character_set_client = utf8 */;
CREATE TABLE `sys_user_role_links` (
  `id` bigint(20) NOT NULL AUTO_INCREMENT,
  `user_id` bigint(20) DEFAULT NULL COMMENT '用户ID',
  `role_id` bigint(20) DEFAULT NULL COMMENT '角色ID',
  PRIMARY KEY (`id`)
) ENGINE=InnoDB AUTO_INCREMENT=33 DEFAULT CHARSET=utf8mb4 COLLATE=utf8mb4_unicode_ci COMMENT='用户与角色关联表';
/*!40101 SET character_set_client = @saved_cs_client */;

--
-- Dumping data for table `sys_user_role_links`
--

LOCK TABLES `sys_user_role_links` WRITE;
/*!40000 ALTER TABLE `sys_user_role_links` DISABLE KEYS */;
INSERT INTO `sys_user_role_links` VALUES (1,3,4);
/*!40000 ALTER TABLE `sys_user_role_links` ENABLE KEYS */;
UNLOCK TABLES;
/*!40103 SET TIME_ZONE=@OLD_TIME_ZONE */;

/*!40101 SET SQL_MODE=@OLD_SQL_MODE */;
/*!40014 SET FOREIGN_KEY_CHECKS=@OLD_FOREIGN_KEY_CHECKS */;
/*!40014 SET UNIQUE_CHECKS=@OLD_UNIQUE_CHECKS */;
/*!40101 SET CHARACTER_SET_CLIENT=@OLD_CHARACTER_SET_CLIENT */;
/*!40101 SET CHARACTER_SET_RESULTS=@OLD_CHARACTER_SET_RESULTS */;
/*!40101 SET COLLATION_CONNECTION=@OLD_COLLATION_CONNECTION */;
/*!40111 SET SQL_NOTES=@OLD_SQL_NOTES */;

-- Dump completed on 2018-02-01 16:35:13
